/produktsiya/asfaltoukladchiki-bomag/bf700-s-2-s600-3-9-m/;https://www.korrus.ru/produktsiya/bomag/asfaltoukladchiki/bomag-bf700-c-2-s500/;
/produktsiya/asfaltoukladchiki-bomag/gusenichnyy-asfaltoukladchik-bf-800-c-s600-germaniya/;https://www.korrus.ru/produktsiya/bomag/asfaltoukladchiki/bomag-bf800-c-s500/;
/produktsiya/asfaltoukladchiki-bomag/gusenichnyy-asfaltoukladchik-bomag-bf-600-c-2-s500-germaniya/;https://www.korrus.ru/produktsiya/bomag/asfaltoukladchiki/bomag-bf600-c-2-s500/;
/produktsiya/asfaltoukladchiki-bomag/gusenichnyy-asfaltoukladchik-bomag-bf-800-c-s500-germaniya/;https://www.korrus.ru/produktsiya/bomag/asfaltoukladchiki/bomag-bf800-c-s500/;
/produktsiya/asfaltoukladchiki-gusenichnye-s-shirinoy-ukladki-do-10-m/;https://www.korrus.ru/produktsiya/bomag/asfaltoukladchiki/;
/produktsiya/asfaltoukladchiki-gusenichnye-s-shirinoy-ukladki-do-10-m/;https://www.korrus.ru/produktsiya/bomag/asfaltoukladchiki/;
/produktsiya/asfaltoukladchiki-gusenichnye-s-shirinoy-ukladki-do-10-m/;https://www.korrus.ru/produktsiya/bomag/asfaltoukladchiki/;
/produktsiya/asfaltoukladchiki-gusenichnye-s-shirinoy-ukladki-do-10-m/;https://www.korrus.ru/produktsiya/bomag/asfaltoukladchiki/;
/produktsiya/asfaltoukladchiki-gusenichnye-s-shirinoy-ukladki-do-10-m/;https://www.korrus.ru/produktsiya/bomag/asfaltoukladchiki/;
/produktsiya/asfaltoukladchiki-gusenichnye-s-shirinoy-ukladki-do-10-m/;https://www.korrus.ru/produktsiya/bomag/asfaltoukladchiki/;
/produktsiya/asfaltoukladchiki-gusenichnye-s-shirinoy-ukladki-do-10-m/gusenichnyy-asfaltoukladchik-bf-800-c-s600-germaniya/;https://www.korrus.ru/produktsiya/bomag/asfaltoukladchiki/bomag-bf800-c-s500/;
/produktsiya/asfaltoukladchiki-gusenichnye-s-shirinoy-ukladki-do-10-m/gusenichnyy-asfaltoukladchik-bomag-bf-600-c-2-s500-germaniya/;https://www.korrus.ru/produktsiya/bomag/asfaltoukladchiki/bomag-bf600-c-2-s500/;
/produktsiya/asfaltoukladchiki-gusenichnye-s-shirinoy-ukladki-do-10-m/gusenichnyy-asfaltoukladchik-bomag-bf-600-c-2-s500-germaniya/;https://www.korrus.ru/produktsiya/bomag/asfaltoukladchiki/bomag-bf600-c-2-s500/;
/produktsiya/asfaltoukladchiki-gusenichnye-s-shirinoy-ukladki-do-10-m/gusenichnyy-asfaltoukladchik-bomag-bf-600-c-2-s500-germaniya/;https://www.korrus.ru/produktsiya/bomag/asfaltoukladchiki/bomag-bf600-c-2-s500/;
/produktsiya/asfaltoukladchiki-gusenichnye-s-shirinoy-ukladki-do-10-m/gusenichnyy-asfaltoukladchik-bomag-bf-600-c-2-s500-germaniya/;https://www.korrus.ru/produktsiya/bomag/asfaltoukladchiki/bomag-bf600-c-2-s500/;
/produktsiya/asfaltoukladchiki-gusenichnye-s-shirinoy-ukladki-do-10-m/gusenichnyy-asfaltoukladchik-bomag-bf-600-c-2-s500-germaniya/;https://www.korrus.ru/produktsiya/bomag/asfaltoukladchiki/bomag-bf600-c-2-s500/;
/produktsiya/asfaltoukladchiki-gusenichnye-s-shirinoy-ukladki-do-10-m/gusenichnyy-asfaltoukladchik-bomag-bf-600-c-2-s500-germaniya/;https://www.korrus.ru/produktsiya/bomag/asfaltoukladchiki/bomag-bf600-c-2-s500/;
/produktsiya/asfaltoukladchiki-gusenichnye-s-shirinoy-ukladki-do-10-m/gusenichnyy-asfaltoukladchik-bomag-bf-700-c-2-s500-germaniya/;https://www.korrus.ru/produktsiya/bomag/asfaltoukladchiki/bomag-bf700-c-2-s500/;
/produktsiya/asfaltoukladchiki-gusenichnye-s-shirinoy-ukladki-do-10-m/gusenichnyy-asfaltoukladchik-bomag-bf-700-c-2-s500-germaniya/;https://www.korrus.ru/produktsiya/bomag/asfaltoukladchiki/bomag-bf700-c-2-s500/;
/produktsiya/asfaltoukladchiki-gusenichnye-s-shirinoy-ukladki-do-10-m/gusenichnyy-asfaltoukladchik-bomag-bf-700-c-2-s500-germaniya/;https://www.korrus.ru/produktsiya/bomag/asfaltoukladchiki/bomag-bf700-c-2-s500/;
/produktsiya/asfaltoukladchiki-gusenichnye-s-shirinoy-ukladki-do-10-m/gusenichnyy-asfaltoukladchik-bomag-bf-700-c-2-s500-germaniya/;https://www.korrus.ru/produktsiya/bomag/asfaltoukladchiki/bomag-bf700-c-2-s500/;
/produktsiya/asfaltoukladchiki-gusenichnye-s-shirinoy-ukladki-do-10-m/gusenichnyy-asfaltoukladchik-bomag-bf-700-c-2-s500-germaniya/;https://www.korrus.ru/produktsiya/bomag/asfaltoukladchiki/bomag-bf700-c-2-s500/;
/produktsiya/asfaltoukladchiki-gusenichnye-s-shirinoy-ukladki-do-10-m/gusenichnyy-asfaltoukladchik-bomag-bf-800-c-s500-germaniya/;https://www.korrus.ru/produktsiya/bomag/asfaltoukladchiki/bomag-bf800-c-s500/;
/produktsiya/asfaltoukladchiki-gusenichnye-s-shirinoy-ukladki-do-10-m/gusenichnyy-asfaltoukladchik-bomag-bf-800-c-s500-germaniya/;https://www.korrus.ru/produktsiya/bomag/asfaltoukladchiki/bomag-bf800-c-s500/;
/produktsiya/asfaltoukladchiki-gusenichnye-s-shirinoy-ukladki-do-10-m/gusenichnyy-asfaltoukladchik-bomag-bf-800-c-s500-germaniya/;https://www.korrus.ru/produktsiya/bomag/asfaltoukladchiki/bomag-bf800-c-s500/;
/produktsiya/asfaltoukladchiki-gusenichnye-s-shirinoy-ukladki-do-10-m/gusenichnyy-asfaltoukladchik-bomag-bf-800-c-s500-germaniya/;https://www.korrus.ru/produktsiya/bomag/asfaltoukladchiki/bomag-bf800-c-s500/;
/produktsiya/asfaltoukladchiki-gusenichnye-s-shirinoy-ukladki-do-10-m/gusenichnyy-asfaltoukladchik-bomag-bf-900-c-s600-germaniya/;0;
/produktsiya/asfaltoukladchiki-kolyesnye-s-shirinoy-ukladki-do-9-m/;https://www.korrus.ru/produktsiya/bomag/asfaltoukladchiki/bomag-bf300-c-s340-2-e-tv/;
/produktsiya/asfaltoukladchiki-kolyesnye-s-shirinoy-ukladki-do-9-m/;https://www.korrus.ru/produktsiya/bomag/asfaltoukladchiki/bomag-bf300-c-s340-2-e-tv/;
/produktsiya/asfaltoukladchiki-kolyesnye-s-shirinoy-ukladki-do-9-m/;https://www.korrus.ru/produktsiya/bomag/asfaltoukladchiki/bomag-bf300-c-s340-2-e-tv/;
/produktsiya/asfaltoukladchiki-kolyesnye-s-shirinoy-ukladki-do-9-m/;https://www.korrus.ru/produktsiya/bomag/asfaltoukladchiki/bomag-bf300-c-s340-2-e-tv/;
/produktsiya/asfaltoukladchiki-kolyesnye-s-shirinoy-ukladki-do-9-m/;https://www.korrus.ru/produktsiya/bomag/asfaltoukladchiki/bomag-bf300-c-s340-2-e-tv/;
/produktsiya/avtogudronatory/oformlenie-avtogudronatorov/;https://www.korrus.ru/produktsiya/massenza/avtogudronatory/avtogudronator-massenza-b6/;
/produktsiya/avtogudronatory-oborudovanie-dlya-bitumnykh-tekhnologiy-massenza/avtogudronatory-massenza-italiya/;https://www.korrus.ru/produktsiya/massenza/avtogudronatory/;
/produktsiya/avtogudronatory-oborudovanie-dlya-bitumnykh-tekhnologiy-massenza/avtogudronatory-massenza-rezultat-tekhnologicheskogo-progressa/;https://www.korrus.ru/produktsiya/massenza/avtogudronatory/;
/produktsiya/avtogudronatory-oborudovanie-dlya-bitumnykh-tekhnologiy-massenza/effektivnoe-reshenie-obogreva-rezervuarov-dlya-khraneniya-bituma/;https://www.korrus.ru/produktsiya/massenza/maslonagrevatelnye-stantsii/;
/produktsiya/avtogudronatory-oborudovanie-dlya-bitumnykh-tekhnologiy-massenza/emulsionnaya-ustanovka-massenza-model-evo-3500x2-ab-ts/;https://www.korrus.ru/produktsiya/massenza/emulsionnye-ustanovki/evo-3500-ab-ts/;
/produktsiya/avtogudronatory-oborudovanie-dlya-bitumnykh-tekhnologiy-massenza/fotogalereya-zalivshchik-shvov-massenza/;https://www.korrus.ru/produktsiya/strassmayr/kotly-zalivshchiki/;
/produktsiya/avtogudronatory-oborudovanie-dlya-bitumnykh-tekhnologiy-massenza/galereya-avtogudronatorov/;https://www.korrus.ru/produktsiya/massenza/avtogudronatory/;
/produktsiya/avtogudronatory-oborudovanie-dlya-bitumnykh-tekhnologiy-massenza/oformlenie-avtogudronatorov/;0;
/produktsiya/avtogudronatory-oborudovanie-dlya-bitumnykh-tekhnologiy-massenza/preimushchestva-ustanovok-massenza-dlya-proizvodstva-pbv/;https://www.korrus.ru/produktsiya/massenza/ustanovki-pbv/;
/produktsiya/avtogudronatory-oborudovanie-dlya-bitumnykh-tekhnologiy-massenza/sistema-po-razogrevu-bituma-transportiruemogo-v-tverdom-vide/;https://www.korrus.ru/produktsiya/massenza/plavilnye-ustanovki/;
/produktsiya/avtogudronatory-oborudovanie-dlya-bitumnykh-tekhnologiy-massenza/spetsifikatsiya-monomix-s/;https://www.korrus.ru/produktsiya/massenza/ustanovki-pbv/monomix-s-6-10-t-ch/;
/produktsiya/avtogudronatory-oborudovanie-dlya-bitumnykh-tekhnologiy-massenza/spetsifikatsiya-monomix-s/;https://www.korrus.ru/produktsiya/massenza/ustanovki-pbv/monomix-s-6-10-t-ch/;
/produktsiya/avtogudronatory-oborudovanie-dlya-bitumnykh-tekhnologiy-massenza/videoprezentatsiya/;0;
/produktsiya/bitumovozy/bitumovoz-sistema-ognenno-zharovogo-podogreva/;https://www.korrus.ru/produktsiya/massenza/bitumovozy/bitumovoz-s-sistemoy-zharovogo-podogreva/;
/produktsiya/bomag/katki-asfaltovye/bomag-bw-151-ad-50/;https://www.korrus.ru/produktsiya/bomag/katki-asfaltovye/bomag-bw-151-ad-50-ballasted/;
/produktsiya/bomag/katki-asfaltovye/unikalnye-tekhnologii-bomag/sistema-ekonomii-topliva-ecomode/;https://www.korrus.ru/produktsiya/bomag/katki-asfaltovye/;
/produktsiya/bomag/katki-asfaltovye/unikalnye-tekhnologii-bomag/sistema-intellektualnogo-uplotneniya-asphalt-manager-2/;https://www.korrus.ru/produktsiya/bomag/katki-asfaltovye/;
/produktsiya/bomag/katki-ggruntovye/unikalnye-tekhnologii-bomag/sistema-ekonomii-topliva-ecomode/;https://www.korrus.ru/produktsiya/bomag/katki-ggruntovye/;
/produktsiya/bomag/kombinirovannyy-vibrokatok-bomag-bw-151-ac-50-germaniya/;https://www.korrus.ru/produktsiya/bomag/katki-asfaltovye/bomag-bw-151-as-50/;
/produktsiya/bomag/kombinirovannyy-vibrokatok-bomag-bw-151-ac-50-germaniya/;https://www.korrus.ru/produktsiya/bomag/katki-asfaltovye/bomag-bw-151-as-50/;
/produktsiya/bomag/kombinirovannyy-vibrokatok-bomag-bw-151-ac-50-germaniya/;https://www.korrus.ru/produktsiya/bomag/katki-asfaltovye/bomag-bw-151-as-50/;
/produktsiya/bomag/kombinirovannyy-vibrokatok-bomag-bw-151-ac-50-germaniya/;https://www.korrus.ru/produktsiya/bomag/katki-asfaltovye/bomag-bw-151-as-50/;
/produktsiya/bomag/kombinirovannyy-vibrokatok-bomag-bw-154-asp-4-am-germaniya-s-zhestkoy-ramoy-i-upravlyaemymi-valtsami/;0;
/produktsiya/bomag/kombinirovannyy-vibrokatok-bomag-bw-154-asp-4-am-germaniya-s-zhestkoy-ramoy-i-upravlyaemymi-valtsami/;0;
/produktsiya/bomag/kombinirovannyy-vibrokatok-bomag-bw-154-asp-4-am-germaniya-s-zhestkoy-ramoy-i-upravlyaemymi-valtsami/;0;
/produktsiya/bomag/kombinirovannyy-vibrokatok-bomag-bw-161-ac-50-germaniya/;https://www.korrus.ru/produktsiya/bomag/katki-asfaltovye/bomag-bw161-as-50/;
/produktsiya/bomag/kombinirovannyy-vibrokatok-bomag-bw-161-ac-50-germaniya/;https://www.korrus.ru/produktsiya/bomag/katki-asfaltovye/bomag-bw161-as-50/;
/produktsiya/bomag/kombinirovannyy-vibrokatok-bomag-bw-161-ac-50-germaniya/;https://www.korrus.ru/produktsiya/bomag/katki-asfaltovye/bomag-bw161-as-50/;
/produktsiya/bomag/kombinirovannyy-vibrokatok-bomag-bw-161-ac-50-germaniya/;https://www.korrus.ru/produktsiya/bomag/katki-asfaltovye/bomag-bw161-as-50/;
/produktsiya/bomag/kombinirovannyy-vibrokatok-bomag-bw-161-ac-50-germaniya/;https://www.korrus.ru/produktsiya/bomag/katki-asfaltovye/bomag-bw161-as-50/;
/produktsiya/bomag/kombinirovannyy-vibrokatok-bomag-bw-161-ac-50-germaniya/;https://www.korrus.ru/produktsiya/bomag/katki-asfaltovye/bomag-bw161-as-50/;
/produktsiya/bomag/kombinirovannyy-vibrokatok-bomag-bw-161-ac-50-germaniya/;https://www.korrus.ru/produktsiya/bomag/katki-asfaltovye/bomag-bw161-as-50/;
/produktsiya/bomag/kombinirovannyy-vibrokatok-bomag-bw-161-ac-50-germaniya/;https://www.korrus.ru/produktsiya/bomag/katki-asfaltovye/bomag-bw161-as-50/;
/produktsiya/bomag/pnevmoshinnyy-katok-bomag-bw-27-rh-germaniya/;https://www.korrus.ru/produktsiya/bomag/katki-asfaltovye/bomag-bw27-rh/;
/produktsiya/bomag/tandemnyy-vibrokatok-bomag-bw-141-ad-50-germaniya/;0;
/produktsiya/bomag/tandemnyy-vibrokatok-bomag-bw-141-ad-50-germaniya/;0;
/produktsiya/bomag/tandemnyy-vibrokatok-bomag-bw-141-ad-50-germaniya/;0;
/produktsiya/bomag/tandemnyy-vibrokatok-bomag-bw-151-ad-50-ballasted-germaniya/;https://www.korrus.ru/produktsiya/bomag/katki-asfaltovye/bomag-bw-151-ad-50-ballasted/;
/produktsiya/bomag/tandemnyy-vibrokatok-bomag-bw-151-ad-50-ballasted-germaniya/;https://www.korrus.ru/produktsiya/bomag/katki-asfaltovye/bomag-bw-151-ad-50-ballasted/;
/produktsiya/bomag/tandemnyy-vibrokatok-bomag-bw-151-ad-50-ballasted-germaniya/;https://www.korrus.ru/produktsiya/bomag/katki-asfaltovye/bomag-bw-151-ad-50-ballasted/;
/produktsiya/bomag/tandemnyy-vibrokatok-bomag-bw-151-ad-50-ballasted-germaniya/;https://www.korrus.ru/produktsiya/bomag/katki-asfaltovye/bomag-bw-151-ad-50-ballasted/;
/produktsiya/bomag/tandemnyy-vibrokatok-bomag-bw-151-ad-50-germaniya/;https://www.korrus.ru/produktsiya/bomag/katki-asfaltovye/bomag-bw-151-as-50/;
/produktsiya/bomag/tandemnyy-vibrokatok-bomag-bw-151-ad-50-germaniya/;https://www.korrus.ru/produktsiya/bomag/katki-asfaltovye/bomag-bw-151-as-50/;
/produktsiya/bomag/tandemnyy-vibrokatok-bomag-bw-151-ad-50-germaniya/;https://www.korrus.ru/produktsiya/bomag/katki-asfaltovye/bomag-bw-151-as-50/;
/produktsiya/bomag/tandemnyy-vibrokatok-bomag-bw-151-ad-50-germaniya/;https://www.korrus.ru/produktsiya/bomag/katki-asfaltovye/bomag-bw-151-as-50/;
/produktsiya/bomag/tandemnyy-vibrokatok-bomag-bw-151-ad-50-germaniya/;https://www.korrus.ru/produktsiya/bomag/katki-asfaltovye/bomag-bw-151-as-50/;
/produktsiya/bomag/tandemnyy-vibrokatok-bomag-bw-151-ad-50-germaniya/;https://www.korrus.ru/produktsiya/bomag/katki-asfaltovye/bomag-bw-151-as-50/;
/produktsiya/bomag/tandemnyy-vibrokatok-bomag-bw-154-ar-am-germaniya-s-sistemoy-kontrolya-i-avtomaticheskogo-uplotneniya/;0;
/produktsiya/bomag/tandemnyy-vibrokatok-bomag-bw-161-ad-50-germaniya/;https://www.korrus.ru/produktsiya/bomag/katki-asfaltovye/bomag-bw-161-ad-50/;
/produktsiya/bomag/tandemnyy-vibrokatok-bomag-bw-161-ad-50-germaniya/;https://www.korrus.ru/produktsiya/bomag/katki-asfaltovye/bomag-bw-161-ad-50/;
/produktsiya/bomag/tandemnyy-vibrokatok-bomag-bw-161-ad-50-germaniya/;https://www.korrus.ru/produktsiya/bomag/katki-asfaltovye/bomag-bw-161-ad-50/;
/produktsiya/bomag/tandemnyy-vibrokatok-bomag-bw-161-ad-50-germaniya/;https://www.korrus.ru/produktsiya/bomag/katki-asfaltovye/bomag-bw-161-ad-50/;
/produktsiya/cvaeboynye-samokhodnye-mashiny/samokhodnaya-svaeboynaya-mashina-dlya-montazha-ograzhdeniy-btp-basic-svaeboynaya-ustanovka/;https://www.korrus.ru/produktsiya/orteco/samokhodnye-mashiny-dlya-montazha-dorozhnykh-ograzhdeniy/basic/;
/produktsiya/cvaeboynye-samokhodnye-mashiny/samokhodnaya-svaeboynaya-mashina-dlya-montazha-ograzhdeniy-btp-basic-svaeboynaya-ustanovka/;https://www.korrus.ru/produktsiya/orteco/samokhodnye-mashiny-dlya-montazha-dorozhnykh-ograzhdeniy/basic/;
/produktsiya/cvaeboynye-samokhodnye-mashiny/samokhodnaya-svaeboynaya-mashina-dlya-montazha-ograzhdeniy-btp-basic-svaeboynaya-ustanovka/;https://www.korrus.ru/produktsiya/orteco/samokhodnye-mashiny-dlya-montazha-dorozhnykh-ograzhdeniy/basic/;
/produktsiya/cvaeboynye-samokhodnye-mashiny/samokhodnaya-svaeboynaya-mashina-dlya-montazha-ograzhdeniy-btp-basic-svaeboynaya-ustanovka/;https://www.korrus.ru/produktsiya/orteco/samokhodnye-mashiny-dlya-montazha-dorozhnykh-ograzhdeniy/basic/;
/produktsiya/cvaeboynye-samokhodnye-mashiny/samokhodnaya-svaeboynaya-mashina-dlya-montazha-ograzhdeniy-btp-smart-svaeboynaya-ustanovka/;https://www.korrus.ru/produktsiya/orteco/samokhodnye-mashiny-dlya-montazha-dorozhnykh-ograzhdeniy/smart/;
/produktsiya/cvaeboynye-samokhodnye-mashiny/samokhodnaya-svaeboynaya-mashina-dlya-montazha-ograzhdeniy-btp-smart-svaeboynaya-ustanovka/;https://www.korrus.ru/produktsiya/orteco/samokhodnye-mashiny-dlya-montazha-dorozhnykh-ograzhdeniy/smart/;
/produktsiya/cvaeboynye-samokhodnye-mashiny/samokhodnaya-svaeboynaya-mashina-dlya-montazha-ograzhdeniy-btp-smart-svaeboynaya-ustanovka/;https://www.korrus.ru/produktsiya/orteco/samokhodnye-mashiny-dlya-montazha-dorozhnykh-ograzhdeniy/smart/;
/produktsiya/cvaeboynye-samokhodnye-mashiny/samokhodnaya-svaeboynaya-mashina-dlya-montazha-ograzhdeniy-btp-smart-svaeboynaya-ustanovka/;https://www.korrus.ru/produktsiya/orteco/samokhodnye-mashiny-dlya-montazha-dorozhnykh-ograzhdeniy/smart/;
/produktsiya/cvaeboynye-samokhodnye-mashiny/samokhodnaya-svaeboynaya-mashina-dlya-montazha-ograzhdeniy-btp-smart-svaeboynaya-ustanovka/;https://www.korrus.ru/produktsiya/orteco/samokhodnye-mashiny-dlya-montazha-dorozhnykh-ograzhdeniy/smart/;
/produktsiya/cvaeboynye-samokhodnye-mashiny/samokhodnaya-svaeboynaya-mashina-dlya-montazha-ograzhdeniy-btp-smart-svaeboynaya-ustanovka/;https://www.korrus.ru/produktsiya/orteco/samokhodnye-mashiny-dlya-montazha-dorozhnykh-ograzhdeniy/smart/;
/produktsiya/dorozhnye-i-mostovye-ograzhdeniya/;0;
/produktsiya/dorozhnye-i-mostovye-ograzhdeniya/;0;
/produktsiya/dorozhnye-remontery/;https://www.korrus.ru/produktsiya/strassmayr/dorozhnye-remontyery/;
/produktsiya/dorozhnye-remontery/;https://www.korrus.ru/produktsiya/strassmayr/dorozhnye-remontyery/;
/produktsiya/dorozhnye-remontery/;https://www.korrus.ru/produktsiya/strassmayr/dorozhnye-remontyery/;
/produktsiya/dorozhnye-remontery/;https://www.korrus.ru/produktsiya/strassmayr/dorozhnye-remontyery/;
/produktsiya/dorozhnye-remontery/;https://www.korrus.ru/produktsiya/strassmayr/dorozhnye-remontyery/;
/produktsiya/drobilno-sortirovochnoe-oborudovanie-baioni/drobilki-shchekovye/;https://www.korrus.ru/produktsiya/metso/shchekovye-drobilki/;
/produktsiya/drobilno-sortirovochnoe-oborudovanie-baioni/kompleksy-promyvki-peska/;0;
/produktsiya/drobilno-sortirovochnoe-oborudovanie-baioni/konusnye-drobilki/;https://www.korrus.ru/produktsiya/metso/b-konusnye-drobilki/;
/produktsiya/drobilno-sortirovochnoe-oborudovanie-baioni/kovshovyy-rekuperator/;0;
/produktsiya/drobilno-sortirovochnoe-oborudovanie-baioni/melnitsy-dlya-proizvodstva-peska/;0;
/produktsiya/drobilno-sortirovochnoe-oborudovanie-baioni/mobilnye-kompleksy-sortirovki/;https://www.korrus.ru/produktsiya/metso/grokhoty/;
/produktsiya/drobilno-sortirovochnoe-oborudovanie-baioni/mobilnye-kompleksy-sortirovki/;https://www.korrus.ru/produktsiya/metso/grokhoty/;
/produktsiya/drobilno-sortirovochnoe-oborudovanie-baioni/mobilnye-kompleksy-sortirovki/;https://www.korrus.ru/produktsiya/metso/grokhoty/;
/produktsiya/drobilno-sortirovochnoe-oborudovanie-baioni/rotatsionnyy-grokhot/;https://www.korrus.ru/produktsiya/metso/grokhoty/;
/produktsiya/drobilno-sortirovochnoe-oborudovanie-baioni/udarnye-drobilki-i-rotorye-drobilki/;https://www.korrus.ru/produktsiya/metso/udarnye-drobilki/;
/produktsiya/drobilno-sortirovochnoe-oborudovanie-baioni/vibrogrokhoty-svyazannykh-kolebaniy/;0;
/produktsiya/dust-fighter/ustanovki-dlya-podavleniya-pyli/;https://www.korrus.ru/produktsiya/generac/ustanovki-dlya-podavleniya-pyli-dust-fighter/;
/produktsiya/ekologicheskoe-oborudovanie-dust-fighter-tower-light-italiya/ustanovka-dlya-podavleniya-pyli-df7500/;https://www.korrus.ru/produktsiya/generac/ustanovki-dlya-podavleniya-pyli-dust-fighter/df7500/;
/produktsiya/freza-dlya-rasshivki-treshchin-strassmayr/;https://www.korrus.ru/produktsiya/strassmayr/frezy-dlya-rasshivki-treshchin/s-ff-12/;
/produktsiya/freza-dlya-rasshivki-treshchin-strassmayr/;https://www.korrus.ru/produktsiya/strassmayr/frezy-dlya-rasshivki-treshchin/s-ff-12/;
/produktsiya/freza-dlya-rasshivki-treshchin-strassmayr/;https://www.korrus.ru/produktsiya/strassmayr/frezy-dlya-rasshivki-treshchin/s-ff-12/;
/produktsiya/freza-dlya-rasshivki-treshchin-strassmayr/;https://www.korrus.ru/produktsiya/strassmayr/frezy-dlya-rasshivki-treshchin/s-ff-12/;
/produktsiya/frezy-dlya-rasshivki-treshchin/;https://www.korrus.ru/produktsiya/strassmayr/frezy-dlya-rasshivki-treshchin/;
/produktsiya/frezy-dlya-rasshivki-treshchin/;https://www.korrus.ru/produktsiya/strassmayr/frezy-dlya-rasshivki-treshchin/;
/produktsiya/frezy-dlya-rasshivki-treshchin/;https://www.korrus.ru/produktsiya/strassmayr/frezy-dlya-rasshivki-treshchin/;
/produktsiya/frezy-dlya-rasshivki-treshchin/;https://www.korrus.ru/produktsiya/strassmayr/frezy-dlya-rasshivki-treshchin/;
/produktsiya/frezy-dlya-rasshivki-treshchin/;https://www.korrus.ru/produktsiya/strassmayr/frezy-dlya-rasshivki-treshchin/;
/produktsiya/frezy-dorozhnye-bomag/;https://www.korrus.ru/produktsiya/bomag/frezy-dorozhnye/;
/produktsiya/frezy-dorozhnye-bomag/;https://www.korrus.ru/produktsiya/bomag/frezy-dorozhnye/;
/produktsiya/frezy-dorozhnye-bomag/;https://www.korrus.ru/produktsiya/bomag/frezy-dorozhnye/;
/produktsiya/frezy-dorozhnye-bomag/;https://www.korrus.ru/produktsiya/bomag/frezy-dorozhnye/;
/produktsiya/frezy-dorozhnye-bomag/dorozhnaya-freza-bomag-bm-1000-35-germaniya-s-zadnim-raspolozheniem-frezernogo-barabana/;https://www.korrus.ru/produktsiya/bomag/frezy-dorozhnye/bomag-bm1000-1200-1300-35/;
/produktsiya/frezy-dorozhnye-bomag/dorozhnaya-freza-bomag-bm-1300-35-germaniya-s-zadnim-raspolozheniem-frezernogo-barabana-/;https://www.korrus.ru/produktsiya/bomag/frezy-dorozhnye/bomag-bm1000-1200-1300-35/;
/produktsiya/frezy-dorozhnye-bomag/dorozhnaya-freza-bomag-bm-1300-35-germaniya-s-zadnim-raspolozheniem-frezernogo-barabana-/;https://www.korrus.ru/produktsiya/bomag/frezy-dorozhnye/bomag-bm1000-1200-1300-35/;
/produktsiya/frezy-dorozhnye-bomag/dorozhnaya-freza-bomag-bm-1300-35-germaniya-s-zadnim-raspolozheniem-frezernogo-barabana-/;https://www.korrus.ru/produktsiya/bomag/frezy-dorozhnye/bomag-bm1000-1200-1300-35/;
/produktsiya/frezy-dorozhnye-bomag/dorozhnaya-freza-bomag-bm-1300-35-germaniya-s-zadnim-raspolozheniem-frezernogo-barabana-/;https://www.korrus.ru/produktsiya/bomag/frezy-dorozhnye/bomag-bm1000-1200-1300-35/;
/produktsiya/frezy-dorozhnye-bomag/dorozhnaya-freza-bomag-bm-1300-35-germaniya-s-zadnim-raspolozheniem-frezernogo-barabana-/;https://www.korrus.ru/produktsiya/bomag/frezy-dorozhnye/bomag-bm1000-1200-1300-35/;
/produktsiya/frezy-dorozhnye-bomag/dorozhnaya-freza-bomag-bm-1300-35-germaniya-s-zadnim-raspolozheniem-frezernogo-barabana-/;https://www.korrus.ru/produktsiya/bomag/frezy-dorozhnye/bomag-bm1000-1200-1300-35/;
/produktsiya/frezy-dorozhnye-bomag/dorozhnaya-freza-bomag-bm-2000-60-2-italiya/;https://www.korrus.ru/produktsiya/bomag/frezy-dorozhnye/bomag-bm2000-60-2/;
/produktsiya/frezy-dorozhnye-bomag/dorozhnaya-freza-bomag-bm-2000-60-2-italiya/;https://www.korrus.ru/produktsiya/bomag/frezy-dorozhnye/bomag-bm2000-60-2/;
/produktsiya/frezy-dorozhnye-bomag/dorozhnaya-freza-bomag-bm-2000-60-2-italiya/;https://www.korrus.ru/produktsiya/bomag/frezy-dorozhnye/bomag-bm2000-60-2/;
/produktsiya/frezy-dorozhnye-bomag/dorozhnaya-freza-bomag-bm-600-15-germaniya/;https://www.korrus.ru/produktsiya/bomag/frezy-dorozhnye/bomag-bm500-600-15/;
/produktsiya/gruzovye-shiny/;https://www.korrus.ru/produktsiya/shiny/;
/produktsiya/gruzovye-shiny/;https://www.korrus.ru/produktsiya/shiny/;
/produktsiya/gruzovye-shiny/;https://www.korrus.ru/produktsiya/shiny/;
/produktsiya/gruzovye-shiny/;https://www.korrus.ru/produktsiya/shiny/;
/produktsiya/katki-asfaltovye/bomag-bw-151-ac-50/;https://www.korrus.ru/produktsiya/bomag/katki-asfaltovye/bomag-bw-151-as-50/;
/produktsiya/katki-asfaltovye-bomag/;https://www.korrus.ru/produktsiya/bomag/katki-asfaltovye/;
/produktsiya/katki-asfaltovye-bomag/kombinirovannyy-vibrokatok-bomag-bw-151-ac-50-germaniya/;https://www.korrus.ru/produktsiya/bomag/katki-asfaltovye/bomag-bw-151-as-50/;
/produktsiya/katki-asfaltovye-bomag/kombinirovannyy-vibrokatok-bomag-bw-161-ac-50-germaniya/;https://www.korrus.ru/produktsiya/bomag/katki-asfaltovye/bomag-bw161-as-50/;
/produktsiya/katki-asfaltovye-bomag/pnevmoshinnyy-katok-bomag-bw-27-rh-germaniya/;https://www.korrus.ru/produktsiya/bomag/katki-asfaltovye/bomag-bw27-rh/;
/produktsiya/katki-asfaltovye-bomag/tandemnyy-vibrokatok-bomag-bw-151-ad-50-ballasted-germaniya/;https://www.korrus.ru/produktsiya/bomag/katki-asfaltovye/bomag-bw-151-ad-50-ballasted/;
/produktsiya/katki-asfaltovye-bomag/tandemnyy-vibrokatok-bomag-bw-151-ad-50-germaniya/;https://www.korrus.ru/produktsiya/bomag/katki-asfaltovye/bomag-bw-151-ad-50-ballasted/;
/produktsiya/katki-asfaltovye-bomag/tandemnyy-vibrokatok-bomag-bw-161-ad-50-germaniya/;https://www.korrus.ru/produktsiya/bomag/katki-asfaltovye/bomag-bw-161-ad-50/;
/produktsiya/katki-asfaltovye-bomag/tandemnyy-vibrokatok-bomag-bw-161-ad-50-germaniya/;https://www.korrus.ru/produktsiya/bomag/katki-asfaltovye/bomag-bw-161-ad-50/;
/produktsiya/katki-asfaltovye-bomag/tandemnyy-vibrokatok-bomag-bw-161-ad-50-germaniya/;https://www.korrus.ru/produktsiya/bomag/katki-asfaltovye/bomag-bw-161-ad-50/;
/produktsiya/katki-asfaltovye-bomag/tandemnyy-vibrokatok-bomag-bw-161-ad-50-germaniya/;https://www.korrus.ru/produktsiya/bomag/katki-asfaltovye/bomag-bw-161-ad-50/;
/produktsiya/katki-asfaltovye-bomag/tandemnyy-vibrokatok-bomag-bw-202-ad-50-germaniya/;https://www.korrus.ru/produktsiya/bomag/katki-asfaltovye/bomag-bw202-ad-50/;
/produktsiya/katki-asfaltovye-bomag/tandemnyy-vibrokatok-bomag-bw-202-ad-50-germaniya/;https://www.korrus.ru/produktsiya/bomag/katki-asfaltovye/bomag-bw202-ad-50/;
/produktsiya/katki-asfaltovye-bomag/tandemnyy-vibrokatok-bomag-bw-202-ad-50-germaniya/;https://www.korrus.ru/produktsiya/bomag/katki-asfaltovye/bomag-bw202-ad-50/;
/produktsiya/katki-asfaltovye-bomag/tandemnyy-vibrokatok-bomag-bw-202-ad-50-germaniya/;https://www.korrus.ru/produktsiya/bomag/katki-asfaltovye/bomag-bw202-ad-50/;
/produktsiya/katki-asfaltovye-bomag/tandemnyy-vibrokatok-bomag-bw-202-ad-50-germaniya/;https://www.korrus.ru/produktsiya/bomag/katki-asfaltovye/bomag-bw202-ad-50/;
/produktsiya/katki-asfaltovye-bomag/tandemnyy-vibrokatok-bomag-bw-202-ad-50-germaniya/;https://www.korrus.ru/produktsiya/bomag/katki-asfaltovye/bomag-bw202-ad-50/;
/produktsiya/katki-asfaltovye-bomag/tandemnyy-vibrokatok-bomag-bw-202-ad-50-germaniya/;https://www.korrus.ru/produktsiya/bomag/katki-asfaltovye/bomag-bw202-ad-50/;
/produktsiya/katki-asfaltovye-bomag/tandemnyy-vibrokatok-bomag-bw-202-ad-50-germaniya/;https://www.korrus.ru/produktsiya/bomag/katki-asfaltovye/bomag-bw202-ad-50/;
/produktsiya/katki-asfaltovye-bomag/tandemnyy-vibrokatok-bomag-bw-202-ado-50-germaniya-s-sistemoy-tangentsialnoy-ostsillyatsii/;https://www.korrus.ru/produktsiya/bomag/katki-asfaltovye/bw202-ado-50-tango/;
/produktsiya/katki-asfaltovye-bomag/tandemnyy-vibrokatok-bomag-bw-206-ad-50-ballasted-germaniya/;https://www.korrus.ru/produktsiya/bomag/katki-asfaltovye/bomag-bw206-ad-50-ballasted/;
/produktsiya/katki-asfaltovye-bomag/tandemnyy-vibrokatok-bomag-bw-206-ad-50-ballasted-germaniya/;https://www.korrus.ru/produktsiya/bomag/katki-asfaltovye/bomag-bw206-ad-50-ballasted/;
/produktsiya/katki-asfaltovye-bomag/tandemnyy-vibrokatok-bomag-bw-206-ad-50-ballasted-germaniya/;https://www.korrus.ru/produktsiya/bomag/katki-asfaltovye/bomag-bw206-ad-50-ballasted/;
/produktsiya/katki-asfaltovye-bomag/tandemnyy-vibrokatok-bomag-bw-206-ad-50-germaniya/;https://www.korrus.ru/produktsiya/bomag/katki-asfaltovye/bomag-bw206-ad-50/;
/produktsiya/katki-gruntovye-bomag/;https://www.korrus.ru/produktsiya/bomag/katki-ggruntovye/;
/produktsiya/katki-gruntovye-bomag/;https://www.korrus.ru/produktsiya/bomag/katki-ggruntovye/;
/produktsiya/katki-gruntovye-bomag/;https://www.korrus.ru/produktsiya/bomag/katki-ggruntovye/;
/produktsiya/katki-gruntovye-bomag/;https://www.korrus.ru/produktsiya/bomag/katki-ggruntovye/;
/produktsiya/katki-gruntovye-bomag/;https://www.korrus.ru/produktsiya/bomag/katki-ggruntovye/;
/produktsiya/katki-gruntovye-bomag/;https://www.korrus.ru/produktsiya/bomag/katki-ggruntovye/;
/produktsiya/katki-gruntovye-bomag/;https://www.korrus.ru/produktsiya/bomag/katki-ggruntovye/;
/produktsiya/katki-gruntovye-bomag/;https://www.korrus.ru/produktsiya/bomag/katki-ggruntovye/;
/produktsiya/katki-gruntovye-bomag/;https://www.korrus.ru/produktsiya/bomag/katki-ggruntovye/;
/produktsiya/katki-gruntovye-bomag/gruntovyy-katok-bomag-bw-213-d-5-germaniya/;https://www.korrus.ru/produktsiya/bomag/katki-ggruntovye/bomag-bw213-d-5/;
/produktsiya/katki-gruntovye-bomag/gruntovyy-katok-bomag-bw-213-d-5-germaniya/;https://www.korrus.ru/produktsiya/bomag/katki-ggruntovye/bomag-bw213-d-5/;
/produktsiya/katki-gruntovye-bomag/gruntovyy-katok-bomag-bw-213-d-5-germaniya/;https://www.korrus.ru/produktsiya/bomag/katki-ggruntovye/bomag-bw213-d-5/;
/produktsiya/katki-gruntovye-bomag/gruntovyy-katok-bomag-bw-213-d-5-germaniya/;https://www.korrus.ru/produktsiya/bomag/katki-ggruntovye/bomag-bw213-d-5/;
/produktsiya/katki-gruntovye-bomag/gruntovyy-katok-bomag-bw-216-d-4-germaniya/;https://www.korrus.ru/produktsiya/bomag/katki-ggruntovye/bomag-bw216-d-5/;
/produktsiya/katki-gruntovye-bomag/gruntovyy-katok-bomag-bw-216-d-4-germaniya/;https://www.korrus.ru/produktsiya/bomag/katki-ggruntovye/bomag-bw216-d-5/;
/produktsiya/katki-gruntovye-bomag/gruntovyy-katok-bomag-bw-216-d-5-germaniya-s-sistemoy-kontrolya-uplotneniya-terrametr/;https://www.korrus.ru/produktsiya/bomag/katki-ggruntovye/bomag-bw216-d-5/;
/produktsiya/katki-gruntovye-bomag/gruntovyy-katok-bomag-bw-216-d-5-germaniya-s-sistemoy-kontrolya-uplotneniya-terrametr/;https://www.korrus.ru/produktsiya/bomag/katki-ggruntovye/bomag-bw216-d-5/;
/produktsiya/katki-gruntovye-bomag/gruntovyy-katok-bomag-bw-216-d-5-germaniya-s-sistemoy-kontrolya-uplotneniya-terrametr/;https://www.korrus.ru/produktsiya/bomag/katki-ggruntovye/bomag-bw216-d-5/;
/produktsiya/katki-gruntovye-bomag/gruntovyy-katok-bomag-bw-216-d-5-germaniya-s-sistemoy-kontrolya-uplotneniya-terrametr/;https://www.korrus.ru/produktsiya/bomag/katki-ggruntovye/bomag-bw216-d-5/;
/produktsiya/katki-gruntovye-bomag/gruntovyy-katok-bomag-bw-219-d-5-germaniya/;https://www.korrus.ru/produktsiya/bomag/katki-ggruntovye/bw-219-d-5/;
/produktsiya/katki-gruntovye-bomag/gruntovyy-katok-bomag-bw-219-d-5-germaniya/;https://www.korrus.ru/produktsiya/bomag/katki-ggruntovye/bw-219-d-5/;
/produktsiya/katki-gruntovye-bomag/gruntovyy-katok-bomag-bw-219-d-5-germaniya/;https://www.korrus.ru/produktsiya/bomag/katki-ggruntovye/bw-219-d-5/;
/produktsiya/katki-gruntovye-bomag/gruntovyy-katok-bomag-bw-219-d-5-germaniya/;https://www.korrus.ru/produktsiya/bomag/katki-ggruntovye/bw-219-d-5/;
/produktsiya/katki-gruntovye-bomag/gruntovyy-katok-bomag-bw-219-d-5-germaniya/;https://www.korrus.ru/produktsiya/bomag/katki-ggruntovye/bw-219-d-5/;
/produktsiya/katki-gruntovye-bomag/gruntovyy-katok-bomag-bw-226-dh-5-germaniya/;https://www.korrus.ru/produktsiya/bomag/katki-ggruntovye/bomag-bw226-dh-5/;
/produktsiya/katki-gruntovye-bomag/gruntovyy-katok-bomag-bw-226-dh-5-germaniya/;https://www.korrus.ru/produktsiya/bomag/katki-ggruntovye/bomag-bw226-dh-5/;
/produktsiya/katki-gruntovye-bomag/gruntovyy-katok-bomag-bw-226-dh-5-germaniya/;https://www.korrus.ru/produktsiya/bomag/katki-ggruntovye/bomag-bw226-dh-5/;
/produktsiya/katki-gruntovye-bomag/gruntovyy-vibrokatok-bomag-bw-215-d-40-germaniya/;https://www.korrus.ru/produktsiya/bomag/katki-ggruntovye/bomag-bw215-d-40/;
/produktsiya/katki-gruntovye-bomag/gruntovyy-vibrokatok-bomag-bw-215-d-40-germaniya/;https://www.korrus.ru/produktsiya/bomag/katki-ggruntovye/bomag-bw215-d-40/;
/produktsiya/katki-gruntovye-bomag/gruntovyy-vibrokatok-bomag-bw-215-d-40-germaniya/;https://www.korrus.ru/produktsiya/bomag/katki-ggruntovye/bomag-bw215-d-40/;
/produktsiya/katki-gruntovye-bomag/gruntovyy-vibrokatok-bomag-bw-215-d-40-germaniya/;https://www.korrus.ru/produktsiya/bomag/katki-ggruntovye/bomag-bw215-d-40/;
/produktsiya/katki-gruntovye-bomag/gruntovyy-vibrokatok-bomag-bw-215-d-40-germaniya/;https://www.korrus.ru/produktsiya/bomag/katki-ggruntovye/bomag-bw215-d-40/;
/produktsiya/katki-gruntovye-bomag/gruntovyy-vibrokatok-bomag-bw-215-d-40-germaniya/;https://www.korrus.ru/produktsiya/bomag/katki-ggruntovye/bomag-bw215-d-40/;
/produktsiya/katki-gruntovye-bomag/gruntovyy-vibrokatok-bomag-bw-215-d-40-germaniya/;https://www.korrus.ru/produktsiya/bomag/katki-ggruntovye/bomag-bw215-d-40/;
/produktsiya/katki-gruntovye-bomag/gruntovyy-vibrokatok-bomag-bw-216-d-40-germaniya/;https://www.korrus.ru/produktsiya/bomag/katki-ggruntovye/bomag-bw216-d-40/;
/produktsiya/katki-kombinirovannye-s-shsr-seriya-as-massoy-7-5-9-7-t/kombinirovannyy-vibrokatok-bomag-bw-151-ac-50-germaniya/;https://www.korrus.ru/produktsiya/bomag/katki-asfaltovye/bomag-bw-151-as-50/;
/produktsiya/katki-pnevmoshinnye-seriya-rh-massoy-4-5-27-t/;https://www.korrus.ru/produktsiya/bomag/katki-asfaltovye/bomag-bw24-rh/;
/produktsiya/katki-pnevmoshinnye-seriya-rh-massoy-4-5-27-t/;https://www.korrus.ru/produktsiya/bomag/katki-asfaltovye/bomag-bw24-rh/;
/produktsiya/katki-pnevmoshinnye-seriya-rh-massoy-4-5-27-t/pnevmoshinnyy-katok-bomag-bw-11-rh-5-germaniya/;https://www.korrus.ru/produktsiya/bomag/katki-asfaltovye/bomag-bw11-rh-5/;
/produktsiya/katki-pnevmoshinnye-seriya-rh-massoy-4-5-27-t/pnevmoshinnyy-katok-bomag-bw-24-rh/;https://www.korrus.ru/produktsiya/bomag/katki-asfaltovye/bomag-bw24-rh/;
/produktsiya/katki-pnevmoshinnye-seriya-rh-massoy-4-5-27-t/pnevmoshinnyy-katok-bomag-bw-27-rh-germaniya/;https://www.korrus.ru/produktsiya/bomag/katki-asfaltovye/bomag-bw27-rh/;
/produktsiya/katki-s-gladkim-valtsom-seriya-d-40-massoy-11-17-2-t/;https://www.korrus.ru/produktsiya/bomag/katki-ggruntovye/;
/produktsiya/katki-s-gladkim-valtsom-seriya-d-40-massoy-11-17-2-t/;https://www.korrus.ru/produktsiya/bomag/katki-ggruntovye/;
/produktsiya/katki-s-gladkim-valtsom-seriya-d-40-massoy-11-17-2-t/;https://www.korrus.ru/produktsiya/bomag/katki-ggruntovye/;
/produktsiya/katki-s-gladkim-valtsom-seriya-d-40-massoy-11-17-2-t/gruntovyy-katok-bomag-bw-218-d-40-germaniya/;https://www.korrus.ru/produktsiya/bomag/katki-ggruntovye/bomag-bw218-d-40/;
/produktsiya/katki-s-gladkim-valtsom-seriya-d-40-massoy-11-17-2-t/gruntovyy-katok-bomag-bw-218-d-40-germaniya/;https://www.korrus.ru/produktsiya/bomag/katki-ggruntovye/bomag-bw218-d-40/;
/produktsiya/katki-s-gladkim-valtsom-seriya-d-40-massoy-11-17-2-t/gruntovyy-katok-bomag-bw-218-d-40-germaniya/;https://www.korrus.ru/produktsiya/bomag/katki-ggruntovye/bomag-bw218-d-40/;
/produktsiya/katki-s-gladkim-valtsom-seriya-d-40-massoy-11-17-2-t/gruntovyy-katok-bomag-bw-218-d-40-germaniya/;https://www.korrus.ru/produktsiya/bomag/katki-ggruntovye/bomag-bw218-d-40/;
/produktsiya/katki-s-gladkim-valtsom-seriya-d-40-massoy-11-17-2-t/gruntovyy-katok-bomag-bw-218-d-40-germaniya/;https://www.korrus.ru/produktsiya/bomag/katki-ggruntovye/bomag-bw218-d-40/;
/produktsiya/katki-s-gladkim-valtsom-seriya-d-40-massoy-11-17-2-t/gruntovyy-katok-bomag-bw-218-d-40-germaniya/;https://www.korrus.ru/produktsiya/bomag/katki-ggruntovye/bomag-bw218-d-40/;
/produktsiya/katki-s-gladkim-valtsom-seriya-d-40-massoy-11-17-2-t/gruntovyy-vibrokatok-bomag-bw-211-d-40-ballasted-germaniya/;https://www.korrus.ru/produktsiya/bomag/katki-ggruntovye/bomag-bw211-d-40/;
/produktsiya/katki-s-gladkim-valtsom-seriya-d-40-massoy-11-17-2-t/gruntovyy-vibrokatok-bomag-bw-211-d-40-ballasted-germaniya/;https://www.korrus.ru/produktsiya/bomag/katki-ggruntovye/bomag-bw211-d-40/;
/produktsiya/katki-s-gladkim-valtsom-seriya-d-40-massoy-11-17-2-t/gruntovyy-vibrokatok-bomag-bw-211-d-40-ballasted-germaniya/;https://www.korrus.ru/produktsiya/bomag/katki-ggruntovye/bomag-bw211-d-40/;
/produktsiya/katki-s-gladkim-valtsom-seriya-d-40-massoy-11-17-2-t/gruntovyy-vibrokatok-bomag-bw-212-d-40-germaniya/;https://www.korrus.ru/produktsiya/bomag/katki-ggruntovye/bomag-bw212-d-40/;
/produktsiya/katki-s-gladkim-valtsom-seriya-d-40-massoy-11-17-2-t/gruntovyy-vibrokatok-bomag-bw-212-d-40-germaniya/;https://www.korrus.ru/produktsiya/bomag/katki-ggruntovye/bomag-bw212-d-40/;
/produktsiya/katki-s-gladkim-valtsom-seriya-d-40-massoy-11-17-2-t/gruntovyy-vibrokatok-bomag-bw-212-d-40-germaniya/;https://www.korrus.ru/produktsiya/bomag/katki-ggruntovye/bomag-bw212-d-40/;
/produktsiya/katki-s-gladkim-valtsom-seriya-d-40-massoy-11-17-2-t/gruntovyy-vibrokatok-bomag-bw-212-d-40-germaniya/;https://www.korrus.ru/produktsiya/bomag/katki-ggruntovye/bomag-bw212-d-40/;
/produktsiya/katki-s-gladkim-valtsom-seriya-d-40-massoy-11-17-2-t/gruntovyy-vibrokatok-bomag-bw-212-d-40-germaniya/;https://www.korrus.ru/produktsiya/bomag/katki-ggruntovye/bomag-bw212-d-40/;
/produktsiya/katki-s-gladkim-valtsom-seriya-d-40-massoy-11-17-2-t/gruntovyy-vibrokatok-bomag-bw-212-d-40-germaniya/;https://www.korrus.ru/produktsiya/bomag/katki-ggruntovye/bomag-bw212-d-40/;
/produktsiya/katki-s-gladkim-valtsom-seriya-d-40-massoy-11-17-2-t/gruntovyy-vibrokatok-bomag-bw-212-d-40-germaniya/;https://www.korrus.ru/produktsiya/bomag/katki-ggruntovye/bomag-bw212-d-40/;
/produktsiya/katki-s-gladkim-valtsom-seriya-d-40-massoy-11-17-2-t/gruntovyy-vibrokatok-bomag-bw-213-d-40-germaniya/;https://www.korrus.ru/produktsiya/bomag/katki-ggruntovye/bomag-bw213-d-5/;
/produktsiya/katki-s-gladkim-valtsom-seriya-d-40-massoy-11-17-2-t/gruntovyy-vibrokatok-bomag-bw-215-d-40-germaniya/;https://www.korrus.ru/produktsiya/bomag/katki-ggruntovye/bomag-bw215-d-40/;
/produktsiya/katki-s-gladkim-valtsom-seriya-d-40-massoy-11-17-2-t/gruntovyy-vibrokatok-bomag-bw-215-d-40-germaniya/;https://www.korrus.ru/produktsiya/bomag/katki-ggruntovye/bomag-bw215-d-40/;
/produktsiya/katki-s-gladkim-valtsom-seriya-d-40-massoy-11-17-2-t/gruntovyy-vibrokatok-bomag-bw-215-d-40-germaniya/;https://www.korrus.ru/produktsiya/bomag/katki-ggruntovye/bomag-bw215-d-40/;
/produktsiya/katki-s-gladkim-valtsom-seriya-d-40-massoy-11-17-2-t/gruntovyy-vibrokatok-bomag-bw-215-d-40-germaniya/;https://www.korrus.ru/produktsiya/bomag/katki-ggruntovye/bomag-bw215-d-40/;
/produktsiya/katki-s-gladkim-valtsom-seriya-d-40-massoy-11-17-2-t/gruntovyy-vibrokatok-bomag-bw-216-d-40-germaniya/;https://www.korrus.ru/produktsiya/bomag/katki-ggruntovye/bomag-bw216-d-40/;
/produktsiya/katki-s-gladkim-valtsom-seriya-d-40-massoy-11-17-2-t/gruntovyy-vibrokatok-bomag-bw-216-d-40-germaniya/;https://www.korrus.ru/produktsiya/bomag/katki-ggruntovye/bomag-bw216-d-40/;
/produktsiya/katki-s-gladkim-valtsom-seriya-d-40-massoy-11-17-2-t/gruntovyy-vibrokatok-bomag-bw-216-d-40-germaniya/;https://www.korrus.ru/produktsiya/bomag/katki-ggruntovye/bomag-bw216-d-40/;
/produktsiya/katki-s-gladkim-valtsom-seriya-d-40-massoy-11-17-2-t/gruntovyy-vibrokatok-bomag-bw-216-d-40-germaniya/;https://www.korrus.ru/produktsiya/bomag/katki-ggruntovye/bomag-bw216-d-40/;
/produktsiya/katki-s-gladkim-valtsom-seriya-d-40-massoy-11-17-2-t/gruntovyy-vibrokatok-bomag-bw-216-d-40-germaniya/;https://www.korrus.ru/produktsiya/bomag/katki-ggruntovye/bomag-bw216-d-40/;
/produktsiya/katki-s-gladkim-valtsom-seriya-d-40-massoy-11-17-2-t/gruntovyy-vibrokatok-bomag-bw-216-d-40-germaniya/;https://www.korrus.ru/produktsiya/bomag/katki-ggruntovye/bomag-bw216-d-40/;
/produktsiya/katki-s-gladkim-valtsom-seriya-d-40-massoy-11-17-2-t/gruntovyy-vibrokatok-bomag-bw-216-d-40-germaniya/;https://www.korrus.ru/produktsiya/bomag/katki-ggruntovye/bomag-bw216-d-40/;
/produktsiya/katki-s-gladkim-valtsom-seriya-d-4-d-5-massoy-10-6-19-6-t/;https://www.korrus.ru/produktsiya/bomag/katki-ggruntovye/;
/produktsiya/katki-s-gladkim-valtsom-seriya-d-4-d-5-massoy-10-6-19-6-t/;https://www.korrus.ru/produktsiya/bomag/katki-ggruntovye/;
/produktsiya/katki-s-gladkim-valtsom-seriya-d-4-d-5-massoy-10-6-19-6-t/;https://www.korrus.ru/produktsiya/bomag/katki-ggruntovye/;
/produktsiya/katki-s-gladkim-valtsom-seriya-d-4-d-5-massoy-10-6-19-6-t/;https://www.korrus.ru/produktsiya/bomag/katki-ggruntovye/;
/produktsiya/katki-s-gladkim-valtsom-seriya-d-4-d-5-massoy-10-6-19-6-t/;https://www.korrus.ru/produktsiya/bomag/katki-ggruntovye/;
/produktsiya/katki-s-gladkim-valtsom-seriya-d-4-d-5-massoy-10-6-19-6-t/;https://www.korrus.ru/produktsiya/bomag/katki-ggruntovye/;
/produktsiya/katki-s-gladkim-valtsom-seriya-d-4-d-5-massoy-10-6-19-6-t/gruntovyy-katok-bomag-bw-211-d-5-germaniya/;https://www.korrus.ru/produktsiya/bomag/katki-ggruntovye/bomag-bw211-d-40/;
/produktsiya/katki-s-gladkim-valtsom-seriya-d-4-d-5-massoy-10-6-19-6-t/gruntovyy-katok-bomag-bw-211-d-5-germaniya/;https://www.korrus.ru/produktsiya/bomag/katki-ggruntovye/bomag-bw211-d-40/;
/produktsiya/katki-s-gladkim-valtsom-seriya-d-4-d-5-massoy-10-6-19-6-t/gruntovyy-katok-bomag-bw-211-d-5-germaniya/;https://www.korrus.ru/produktsiya/bomag/katki-ggruntovye/bomag-bw211-d-40/;
/produktsiya/katki-s-gladkim-valtsom-seriya-d-4-d-5-massoy-10-6-19-6-t/gruntovyy-katok-bomag-bw-213-d-4-germaniya/;https://www.korrus.ru/produktsiya/bomag/katki-ggruntovye/bomag-bw213-dh-5/;
/produktsiya/katki-s-gladkim-valtsom-seriya-d-4-d-5-massoy-10-6-19-6-t/gruntovyy-katok-bomag-bw-213-d-4-germaniya/;https://www.korrus.ru/produktsiya/bomag/katki-ggruntovye/bomag-bw213-dh-5/;
/produktsiya/katki-s-gladkim-valtsom-seriya-d-4-d-5-massoy-10-6-19-6-t/gruntovyy-katok-bomag-bw-213-d-4-germaniya/;https://www.korrus.ru/produktsiya/bomag/katki-ggruntovye/bomag-bw213-dh-5/;
/produktsiya/katki-s-gladkim-valtsom-seriya-d-4-d-5-massoy-10-6-19-6-t/gruntovyy-katok-bomag-bw-213-d-4-germaniya/;https://www.korrus.ru/produktsiya/bomag/katki-ggruntovye/bomag-bw213-dh-5/;
/produktsiya/katki-s-gladkim-valtsom-seriya-d-4-d-5-massoy-10-6-19-6-t/gruntovyy-katok-bomag-bw-213-d-5-germaniya/;https://www.korrus.ru/produktsiya/bomag/katki-ggruntovye/bomag-bw213-d-5/;
/produktsiya/katki-s-gladkim-valtsom-seriya-d-4-d-5-massoy-10-6-19-6-t/gruntovyy-katok-bomag-bw-213-d-5-germaniya/;https://www.korrus.ru/produktsiya/bomag/katki-ggruntovye/bomag-bw213-d-5/;
/produktsiya/katki-s-gladkim-valtsom-seriya-d-4-d-5-massoy-10-6-19-6-t/gruntovyy-katok-bomag-bw-213-d-5-germaniya/;https://www.korrus.ru/produktsiya/bomag/katki-ggruntovye/bomag-bw213-d-5/;
/produktsiya/katki-s-gladkim-valtsom-seriya-d-4-d-5-massoy-10-6-19-6-t/gruntovyy-katok-bomag-bw-213-d-5-germaniya/;https://www.korrus.ru/produktsiya/bomag/katki-ggruntovye/bomag-bw213-d-5/;
/produktsiya/katki-s-gladkim-valtsom-seriya-d-4-d-5-massoy-10-6-19-6-t/gruntovyy-katok-bomag-bw-216-d-4-germaniya/;https://www.korrus.ru/produktsiya/bomag/katki-ggruntovye/bomag-bw216-d-40/;
/produktsiya/katki-s-gladkim-valtsom-seriya-d-4-d-5-massoy-10-6-19-6-t/gruntovyy-katok-bomag-bw-216-d-4-germaniya/;https://www.korrus.ru/produktsiya/bomag/katki-ggruntovye/bomag-bw216-d-40/;
/produktsiya/katki-s-gladkim-valtsom-seriya-d-4-d-5-massoy-10-6-19-6-t/gruntovyy-katok-bomag-bw-216-d-4-germaniya/;https://www.korrus.ru/produktsiya/bomag/katki-ggruntovye/bomag-bw216-d-40/;
/produktsiya/katki-s-gladkim-valtsom-seriya-d-4-d-5-massoy-10-6-19-6-t/gruntovyy-katok-bomag-bw-216-d-5-germaniya-s-sistemoy-kontrolya-uplotneniya-terrametr/;https://www.korrus.ru/produktsiya/bomag/katki-ggruntovye/bomag-bw216-d-5/;
/produktsiya/katki-s-gladkim-valtsom-seriya-dh-5-massoy-12-7-25-t/;https://www.korrus.ru/produktsiya/bomag/katki-ggruntovye/;
/produktsiya/katki-s-gladkim-valtsom-seriya-dh-5-massoy-12-7-25-t/;https://www.korrus.ru/produktsiya/bomag/katki-ggruntovye/;
/produktsiya/katki-s-gladkim-valtsom-seriya-dh-5-massoy-12-7-25-t/;https://www.korrus.ru/produktsiya/bomag/katki-ggruntovye/;
/produktsiya/katki-s-gladkim-valtsom-seriya-dh-5-massoy-12-7-25-t/;https://www.korrus.ru/produktsiya/bomag/katki-ggruntovye/;
/produktsiya/katki-s-gladkim-valtsom-seriya-dh-5-massoy-12-7-25-t/;https://www.korrus.ru/produktsiya/bomag/katki-ggruntovye/;
/produktsiya/katki-s-gladkim-valtsom-seriya-dh-5-massoy-12-7-25-t/;https://www.korrus.ru/produktsiya/bomag/katki-ggruntovye/;
/produktsiya/katki-s-gladkim-valtsom-seriya-dh-5-massoy-12-7-25-t/gruntovyy-katok-bomag-bw-226-dh-5-germaniya/;https://www.korrus.ru/produktsiya/bomag/katki-ggruntovye/bomag-bw226-dh-5/;
/produktsiya/katki-s-zhyestkoy-ramoy-seriya-ar-massoy-7-1-9-5-t/;0;
/produktsiya/katki-tandemnye-s-shsr-seriya-ad-massoy-6-9-15-t/;https://www.korrus.ru/produktsiya/bomag/katki-asfaltovye/;
/produktsiya/katki-tandemnye-s-shsr-seriya-ad-massoy-6-9-15-t/;https://www.korrus.ru/produktsiya/bomag/katki-asfaltovye/;
/produktsiya/katki-tandemnye-s-shsr-seriya-ad-massoy-6-9-15-t/;https://www.korrus.ru/produktsiya/bomag/katki-asfaltovye/;
/produktsiya/katki-tandemnye-s-shsr-seriya-ad-massoy-6-9-15-t/;https://www.korrus.ru/produktsiya/bomag/katki-asfaltovye/;
/produktsiya/katki-tandemnye-s-shsr-seriya-ad-massoy-6-9-15-t/;https://www.korrus.ru/produktsiya/bomag/katki-asfaltovye/;
/produktsiya/katki-tandemnye-s-shsr-seriya-ad-massoy-6-9-15-t/tandemnyy-vibrokatok-bomag-bw-161-ad-50-germaniya/;https://www.korrus.ru/produktsiya/bomag/katki-asfaltovye/bomag-bw-161-ad-50/;
/produktsiya/katki-tandemnye-s-shsr-seriya-ad-massoy-6-9-15-t/tandemnyy-vibrokatok-bomag-bw-202-ad-50-germaniya/;https://www.korrus.ru/produktsiya/bomag/katki-asfaltovye/bomag-bw202-ad-50/;
/produktsiya/kotyel-zalivshchik-shvov/;https://www.korrus.ru/produktsiya/massenza/termobunkery-dlya-asfalta-1/;
/produktsiya/kotyel-zalivshchik-shvov/;https://www.korrus.ru/produktsiya/massenza/termobunkery-dlya-asfalta-1/;
/produktsiya/kotyel-zalivshchik-shvov/;https://www.korrus.ru/produktsiya/massenza/termobunkery-dlya-asfalta-1/;
/produktsiya/kotyel-zalivshchik-shvov/;https://www.korrus.ru/produktsiya/massenza/termobunkery-dlya-asfalta-1/;
/produktsiya/kotyel-zalivshchik-shvov/;https://www.korrus.ru/produktsiya/massenza/termobunkery-dlya-asfalta-1/;
/produktsiya/kotyel-zalivshchik-shvovs/;https://www.korrus.ru/produktsiya/strassmayr/kotly-zalivshchiki/;
/produktsiya/mashiny-byvshie-v-upotreblenii/samokhodnaya-vtr-1000-hd-narabotka-600-m-ch-2010-g-v-svaeboynaya-ustanovka/;https://www.korrus.ru/produktsiya/orteco/samokhodnye-mashiny-dlya-montazha-dorozhnykh-ograzhdeniy/vtr-heavy-duty/;
/produktsiya/mashiny-byvshie-v-upotreblenii/samokhodnaya-vtr-1000-hd-narabotka-600-m-ch-2010-g-v-svaeboynaya-ustanovka/;https://www.korrus.ru/produktsiya/orteco/samokhodnye-mashiny-dlya-montazha-dorozhnykh-ograzhdeniy/vtr-heavy-duty/;
/produktsiya/mashiny-byvshie-v-upotreblenii/samokhodnaya-vtr-1000-hd-narabotka-600-m-ch-2010-g-v-svaeboynaya-ustanovka/;https://www.korrus.ru/produktsiya/orteco/samokhodnye-mashiny-dlya-montazha-dorozhnykh-ograzhdeniy/vtr-heavy-duty/;
/produktsiya/mashiny-byvshie-v-upotreblenii/samokhodnaya-vtr-1000-hd-narabotka-600-m-ch-2010-g-v-svaeboynaya-ustanovka/;https://www.korrus.ru/produktsiya/orteco/samokhodnye-mashiny-dlya-montazha-dorozhnykh-ograzhdeniy/vtr-heavy-duty/;
/produktsiya/mashiny-byvshie-v-upotreblenii/samokhodnaya-vtr-1000-hd-narabotka-600-m-ch-2010-g-v-svaeboynaya-ustanovka/;https://www.korrus.ru/produktsiya/orteco/samokhodnye-mashiny-dlya-montazha-dorozhnykh-ograzhdeniy/vtr-heavy-duty/;
/produktsiya/mashiny-byvshie-v-upotreblenii/samokhodnaya-vtr-1000-hd-narabotka-600-m-ch-2010-g-v-svaeboynaya-ustanovka/;https://www.korrus.ru/produktsiya/orteco/samokhodnye-mashiny-dlya-montazha-dorozhnykh-ograzhdeniy/vtr-heavy-duty/;
/produktsiya/mashiny-byvshie-v-upotreblenii/samokhodnaya-vtr-1000-hd-narabotka-600-m-ch-2010-g-v-svaeboynaya-ustanovka/;https://www.korrus.ru/produktsiya/orteco/samokhodnye-mashiny-dlya-montazha-dorozhnykh-ograzhdeniy/vtr-heavy-duty/;
/produktsiya/mashiny-byvshie-v-upotreblenii/samokhodnaya-vtr-800-smart-narabotka-200-m-ch-2010-g-v-svaeboynaya-ustanovka/;https://www.korrus.ru/produktsiya/orteco/samokhodnye-mashiny-dlya-montazha-dorozhnykh-ograzhdeniy/smart/;
/produktsiya/mashiny-byvshie-v-upotreblenii/samokhodnaya-vtr-800-smart-narabotka-200-m-ch-2010-g-v-svaeboynaya-ustanovka/;https://www.korrus.ru/produktsiya/orteco/samokhodnye-mashiny-dlya-montazha-dorozhnykh-ograzhdeniy/smart/;
/produktsiya/mashiny-byvshie-v-upotreblenii/samokhodnaya-vtr-800-smart-narabotka-200-m-ch-2010-g-v-svaeboynaya-ustanovka/;https://www.korrus.ru/produktsiya/orteco/samokhodnye-mashiny-dlya-montazha-dorozhnykh-ograzhdeniy/smart/;
/produktsiya/mashiny-orteco-dlya-zabivaniya-stoek-dorozhnykh-ograzhdeniy-i-d-r/appareli-dlya-pogruzki-vygruzki-mashin/;0;
/produktsiya/mashiny-orteco-dlya-zabivaniya-stoek-dorozhnykh-ograzhdeniy-i-d-r/appareli-dlya-pogruzki-vygruzki-mashin/;0;
/produktsiya/mashiny-orteco-dlya-zabivaniya-stoek-dorozhnykh-ograzhdeniy-i-d-r/elektrogenerator-5-kvt-220-v/;https://www.korrus.ru/produktsiya/orteco/samokhodnye-mashiny-dlya-montazha-dorozhnykh-ograzhdeniy/vtr-heavy-duty/;
/produktsiya/mashiny-orteco-dlya-zabivaniya-stoek-dorozhnykh-ograzhdeniy-i-d-r/elektrogenerator-5-kvt-220-v/;https://www.korrus.ru/produktsiya/orteco/samokhodnye-mashiny-dlya-montazha-dorozhnykh-ograzhdeniy/vtr-heavy-duty/;
/produktsiya/mashiny-orteco-dlya-zabivaniya-stoek-dorozhnykh-ograzhdeniy-i-d-r/gidravlicheskiy-koronkovyy-bur/;https://www.korrus.ru/produktsiya/orteco/samokhodnye-mashiny-dlya-montazha-dorozhnykh-ograzhdeniy/vtr-heavy-duty/;
/produktsiya/mashiny-orteco-dlya-zabivaniya-stoek-dorozhnykh-ograzhdeniy-i-d-r/gidravlicheskiy-vintovoy-bur/;https://www.korrus.ru/produktsiya/orteco/samokhodnye-mashiny-dlya-montazha-dorozhnykh-ograzhdeniy/vtr-heavy-duty/;
/produktsiya/mashiny-orteco-dlya-zabivaniya-stoek-dorozhnykh-ograzhdeniy-i-d-r/gidravlicheskiy-vintovoy-bur/;https://www.korrus.ru/produktsiya/orteco/samokhodnye-mashiny-dlya-montazha-dorozhnykh-ograzhdeniy/vtr-heavy-duty/;
/produktsiya/mashiny-orteco-dlya-zabivaniya-stoek-dorozhnykh-ograzhdeniy-i-d-r/navesnye-modeli-na-kommunalnuyu-mashinu-unomog-svaeboynoe-oborudovanie/;https://www.korrus.ru/produktsiya/orteco/samokhodnye-mashiny-dlya-montazha-dorozhnykh-ograzhdeniy/vtr-heavy-duty/;
/produktsiya/mashiny-orteco-dlya-zabivaniya-stoek-dorozhnykh-ograzhdeniy-i-d-r/navesnye-modeli-na-strelu-ekskavatora-svaeboynoe-oborudovanie/;https://www.korrus.ru/produktsiya/orteco/samokhodnye-mashiny-dlya-montazha-dorozhnykh-ograzhdeniy/vtr-heavy-duty/;
/produktsiya/mashiny-orteco-dlya-zabivaniya-stoek-dorozhnykh-ograzhdeniy-i-d-r/navesnye-modeli-na-strelu-ekskavatora-svaeboynoe-oborudovanie/;https://www.korrus.ru/produktsiya/orteco/samokhodnye-mashiny-dlya-montazha-dorozhnykh-ograzhdeniy/vtr-heavy-duty/;
/produktsiya/mashiny-orteco-dlya-zabivaniya-stoek-dorozhnykh-ograzhdeniy-i-d-r/pritsep-dlya-perevozki-stoek/;https://www.korrus.ru/produktsiya/orteco/samokhodnye-mashiny-dlya-montazha-dorozhnykh-ograzhdeniy/vtr-heavy-duty/;
/produktsiya/mashiny-orteco-dlya-zabivaniya-stoek-dorozhnykh-ograzhdeniy-i-d-r/pritsepy-dlya-perevozki-mashin/;https://www.korrus.ru/produktsiya/orteco/samokhodnye-mashiny-dlya-montazha-dorozhnykh-ograzhdeniy/vtr-heavy-duty/;
/produktsiya/mashiny-orteco-dlya-zabivaniya-stoek-dorozhnykh-ograzhdeniy-i-d-r/pritsepy-dlya-perevozki-mashin/;https://www.korrus.ru/produktsiya/orteco/samokhodnye-mashiny-dlya-montazha-dorozhnykh-ograzhdeniy/vtr-heavy-duty/;
/produktsiya/mashiny-orteco-dlya-zabivaniya-stoek-dorozhnykh-ograzhdeniy-i-d-r/pritsepy-dlya-perevozki-mashin/;https://www.korrus.ru/produktsiya/orteco/samokhodnye-mashiny-dlya-montazha-dorozhnykh-ograzhdeniy/vtr-heavy-duty/;
/produktsiya/mashiny-orteco-dlya-zabivaniya-stoek-dorozhnykh-ograzhdeniy-i-d-r/pritsepy-dlya-perevozki-mashin/;https://www.korrus.ru/produktsiya/orteco/samokhodnye-mashiny-dlya-montazha-dorozhnykh-ograzhdeniy/vtr-heavy-duty/;
/produktsiya/mashiny-orteco-dlya-zabivaniya-stoek-dorozhnykh-ograzhdeniy-i-d-r/samokhodnaya-vtr-800-smart-narabotka-200-m-ch-2010-g-v-svaeboynaya-ustanovka/;https://www.korrus.ru/produktsiya/orteco/samokhodnye-mashiny-dlya-montazha-dorozhnykh-ograzhdeniy/vtr-heavy-duty/;
/produktsiya/mashiny-orteco-dlya-zabivaniya-stoek-dorozhnykh-ograzhdeniy-i-d-r/samokhodnaya-vtr-800-smart-narabotka-500-m-ch-2009-g-v-svaeboynaya-ustanovka/;https://www.korrus.ru/produktsiya/orteco/samokhodnye-mashiny-dlya-montazha-dorozhnykh-ograzhdeniy/vtr-heavy-duty/;
/produktsiya/mashiny-orteco-dlya-zabivaniya-stoek-dorozhnykh-ograzhdeniy-i-d-r/sistema-kontrolya-tochek-zabivaniya-po-gps-koordinatam/;https://www.korrus.ru/produktsiya/orteco/samokhodnye-mashiny-dlya-montazha-dorozhnykh-ograzhdeniy/vtr-heavy-duty/;
/produktsiya/mashiny-orteco-dlya-zabivaniya-stoek-dorozhnykh-ograzhdeniy-i-d-r/sistema-predpuskovogo-podogreva-webasto/;https://www.korrus.ru/produktsiya/orteco/samokhodnye-mashiny-dlya-montazha-dorozhnykh-ograzhdeniy/vtr-heavy-duty/;
/produktsiya/mashiny-orteco-dlya-zabivaniya-stoek-dorozhnykh-ograzhdeniy-i-d-r/sistema-predpuskovogo-podogreva-webasto/;https://www.korrus.ru/produktsiya/orteco/samokhodnye-mashiny-dlya-montazha-dorozhnykh-ograzhdeniy/vtr-heavy-duty/;
/produktsiya/mashiny-orteco-dlya-zabivaniya-stoek-dorozhnykh-ograzhdeniy-i-d-r/udlinenie-machty-molota/;https://www.korrus.ru/produktsiya/orteco/samokhodnye-mashiny-dlya-montazha-dorozhnykh-ograzhdeniy/vtr-heavy-duty/;
/produktsiya/massenza/ustanovki-pbv/monomis-s-6-10-t-ch/;https://www.korrus.ru/produktsiya/massenza/ustanovki-pbv/monomix-s-6-10-t-ch/;
/produktsiya/mobilnye-drobilki-lt-i-ikh-sostavlyayushchie/konusnye-drobilki-serii-hp/;https://www.korrus.ru/produktsiya/metso/b-konusnye-drobilki/seriya-nordberg-hp/;
/produktsiya/mobilnye-drobilki-lt-i-ikh-sostavlyayushchie/mobilnye-ustanovki-lokotrack/;https://www.korrus.ru/produktsiya/metso/mobilnye-drobilno-sortirovochnye-kompleksy/;
/produktsiya/mobilnyy-betonnyy-zavod-avtobetonosmesitel-s-samozagruzkoy/;https://www.korrus.ru/produktsiya/davino/betonosmesiteli-s-samozagruzkoy/;
/produktsiya/narezchiki-shvov/narezchiki-shvov-distar-chekhiya/;https://www.korrus.ru/produktsiya/distar/;
/produktsiya/narezchiki-shvov/narezchiki-shvov-lissmac-germaniya/;https://www.korrus.ru/produktsiya/lissmac/;
/produktsiya/navesnye-mashiny/navesnaya-mashina-dlya-montazha-ograzhdeniy-vtr-1000-hd-svaeboynoe-oborudovanie/;https://www.korrus.ru/produktsiya/orteco/navesnye-mashiny/navesnye-mashiny-dlya-montazha-dorozhnykh-ograzhdeniy/;
/produktsiya/navesnye-mashiny/navesnaya-mashina-dlya-montazha-ograzhdeniy-vtr-1000-hd-svaeboynoe-oborudovanie/;https://www.korrus.ru/produktsiya/orteco/navesnye-mashiny/navesnye-mashiny-dlya-montazha-dorozhnykh-ograzhdeniy/;
/produktsiya/navesnye-mashiny/navesnaya-mashina-dlya-montazha-ograzhdeniy-vtr-1000-hd-svaeboynoe-oborudovanie/;https://www.korrus.ru/produktsiya/orteco/navesnye-mashiny/navesnye-mashiny-dlya-montazha-dorozhnykh-ograzhdeniy/;
/produktsiya/navesnye-mashiny/navesnaya-model-dlya-montazha-ograzhdeniy-vtr-600-smart-svaeboynoe-oborudovanie/;https://www.korrus.ru/produktsiya/orteco/navesnye-mashiny/navesnye-mashiny-dlya-montazha-dorozhnykh-ograzhdeniy/;
/produktsiya/navesnye-mashiny/navesnaya-model-dlya-montazha-ograzhdeniy-vtr-600-smart-svaeboynoe-oborudovanie/;https://www.korrus.ru/produktsiya/orteco/navesnye-mashiny/navesnye-mashiny-dlya-montazha-dorozhnykh-ograzhdeniy/;
/produktsiya/navesnye-mashiny/navesnye-modeli-na-strelu-manipulyatora-svaeboynoe-oborudovanie/;0;
/produktsiya/navesnye-mashiny/navesnye-modeli-na-strelu-manipulyatora-svaeboynoe-oborudovanie/;0;
/produktsiya/oborudovanie-dlya-dorozhnogo-stroitelstva/;https://www.korrus.ru/produktsiya/strassmayr/;
/produktsiya/oborudovanie-dlya-dorozhnogo-stroitelstva/oborudovanie-strassmayr-stp-1008-6000/;https://www.korrus.ru/produktsiya/strassmayr/dorozhnye-remontyery/stp-1008-6000/;
/produktsiya/oborudovanie-dlya-dorozhnogo-stroitelstva/tekhnologiya-yamochnogo-remonta-struyno-inektsionnym-metodom/;https://www.korrus.ru/produktsiya/strassmayr/dorozhnye-remontyery/;
/produktsiya/oborudovanie-dlya-dorozhnogo-stroitelstva/tekhnologiya-yamochnogo-remonta-struyno-inektsionnym-metodom/;https://www.korrus.ru/produktsiya/strassmayr/dorozhnye-remontyery/;
/produktsiya/oborudovanie-dlya-pererabotki-stroitelnogo-loma/;https://www.korrus.ru/produktsiya/metso/peredvizhnye-drobilno-sortirovochnye-ustanovki-nordberg-serii-nw/;
/produktsiya/oborudovanie-dlya-poverkhnostnoy-obrabotki/;https://www.korrus.ru/produktsiya/strassmayr/oborudovanie-dlya-poverkhnostnoy-obrabotki/;
/produktsiya/oborudovanie-dlya-poverkhnostnoy-obrabotki/;https://www.korrus.ru/produktsiya/strassmayr/oborudovanie-dlya-poverkhnostnoy-obrabotki/;
/produktsiya/oborudovanie-dlya-poverkhnostnoy-obrabotki/;https://www.korrus.ru/produktsiya/strassmayr/oborudovanie-dlya-poverkhnostnoy-obrabotki/;
/produktsiya/oborudovanie-dlya-poverkhnostnoy-obrabotki/;https://www.korrus.ru/produktsiya/strassmayr/oborudovanie-dlya-poverkhnostnoy-obrabotki/;
/produktsiya/oborudovanie-dlya-poverkhnostnoy-obrabotki/;https://www.korrus.ru/produktsiya/strassmayr/oborudovanie-dlya-poverkhnostnoy-obrabotki/;
/produktsiya/oborudovanie-dlya-poverkhnostnoy-obrabotki/;https://www.korrus.ru/produktsiya/strassmayr/oborudovanie-dlya-poverkhnostnoy-obrabotki/;
/produktsiya/oborudovanie-dlya-poverkhnostnoy-obrabotki/;https://www.korrus.ru/produktsiya/strassmayr/oborudovanie-dlya-poverkhnostnoy-obrabotki/;
/produktsiya/oborudovanie-dlya-proizvodstva-shchebnya-i-peska/;https://www.korrus.ru/produktsiya/metso/mobilnye-drobilno-sortirovochnye-kompleksy/;
/produktsiya/oborudovanie-dlya-proizvodstva-shchebnya-i-peska/;https://www.korrus.ru/produktsiya/metso/mobilnye-drobilno-sortirovochnye-kompleksy/;
/produktsiya/oborudovanie-dlya-proizvodstva-shchebnya-i-peska/;https://www.korrus.ru/produktsiya/metso/mobilnye-drobilno-sortirovochnye-kompleksy/;
/produktsiya/oborudovanie-dlya-proizvodstva-shchebnya-i-peska/;https://www.korrus.ru/produktsiya/metso/mobilnye-drobilno-sortirovochnye-kompleksy/;
/produktsiya/oborudovanie-dlya-proizvodstva-shchebnya-i-peska/;https://www.korrus.ru/produktsiya/metso/mobilnye-drobilno-sortirovochnye-kompleksy/;
/produktsiya/oborudovanie-dlya-proizvodstva-shchebnya-i-peska/;https://www.korrus.ru/produktsiya/metso/mobilnye-drobilno-sortirovochnye-kompleksy/;
/produktsiya/oborudovanie-dlya-proizvodstva-shchebnya-i-peska/;https://www.korrus.ru/produktsiya/metso/mobilnye-drobilno-sortirovochnye-kompleksy/;
/produktsiya/oborudovanie-dlya-proizvodstva-shchebnya-i-peska/;https://www.korrus.ru/produktsiya/metso/mobilnye-drobilno-sortirovochnye-kompleksy/;
/produktsiya/oborudovanie-dlya-proizvodstva-shchebnya-i-peska/;https://www.korrus.ru/produktsiya/metso/mobilnye-drobilno-sortirovochnye-kompleksy/;
/produktsiya/oborudovanie-dlya-proizvodstva-shchebnya-i-peska/tsentrobezhnye-drobilki-s-vertikalnym-valom/;https://www.korrus.ru/produktsiya/srh-shaorui/udarnye-drobilki/tsentrobezhnye-drobilki-serii-sv/;
/produktsiya/oborudovanie-dlya-proizvodstva-stabilizirovannykh-smesey/;0;
/produktsiya/oborudovanie-dlya-promyvki-inertnykh-materialov/;0;
/produktsiya/oborudovanie-dlya-sortirovki-i-podachi-materialov/;https://www.korrus.ru/produktsiya/metso/grokhoty/;
/produktsiya/oborudovanie-dlya-sortirovki-i-podachi-materialov/;https://www.korrus.ru/produktsiya/metso/grokhoty/;
/produktsiya/oborudovanie-dlya-tekushchego-remonta-dorog/;https://www.korrus.ru/produktsiya/strassmayr/dorozhnye-remontyery/;
/produktsiya/oborudovanie-dlya-tekushchego-remonta-dorog/struyno-inektsionnyy-metod-effektivnyy-remont-dorog-/;https://www.korrus.ru/produktsiya/strassmayr/dorozhnye-remontyery/;
/produktsiya/okhrannaya-sistema-mobile-security-tower/;0;
/produktsiya/osvetitelnye-machty-tower-light/;https://www.korrus.ru/produktsiya/generac/;
/produktsiya/osvetitelnye-machty-tower-light/;https://www.korrus.ru/produktsiya/generac/;
/produktsiya/osvetitelnye-machty-tower-light/;https://www.korrus.ru/produktsiya/generac/;
/produktsiya/osvetitelnye-machty-tower-light/;https://www.korrus.ru/produktsiya/generac/;
/produktsiya/osvetitelnye-machty-tower-light/osveshchaya-mir/;https://www.korrus.ru/produktsiya/generac/mobilnye-osvetitelnye-machty/;
/produktsiya/osvetitelnye-machty-tower-light/osveshchaya-mir/;https://www.korrus.ru/produktsiya/generac/mobilnye-osvetitelnye-machty/;
/produktsiya/osvetitelnye-machty-tower-light/osvetitelnye-machty-v-rabote-/;https://www.korrus.ru/realizovannye-proekty/;
/produktsiya/retsiklery-stabilizatory-bomag/;https://www.korrus.ru/produktsiya/bomag/stabilizatory-retsiklery-grunta/;
/produktsiya/retsiklery-stabilizatory-bomag/;https://www.korrus.ru/produktsiya/bomag/stabilizatory-retsiklery-grunta/;
/produktsiya/retsiklery-stabilizatory-bomag/;https://www.korrus.ru/produktsiya/bomag/stabilizatory-retsiklery-grunta/;
/produktsiya/retsiklery-stabilizatory-bomag/;https://www.korrus.ru/produktsiya/bomag/stabilizatory-retsiklery-grunta/;
/produktsiya/retsiklery-stabilizatory-bomag/mrn122-2-2-4-m/;0;
/produktsiya/retsiklery-stabilizatory-bomag/mrn122-2-2-4-m/;0;
/produktsiya/retsiklery-stabilizatory-bomag/mrn122-2-2-4-m/;0;
/produktsiya/retsiklery-stabilizatory-bomag/mrn122-2-2-4-m/;0;
/produktsiya/retsiklery-stabilizatory-bomag/mrn122-2-2-4-m/;0;
/produktsiya/retsiklery-stabilizatory-bomag/mrn122-2-2-4-m/;0;
/produktsiya/retsiklery-stabilizatory-bomag/mrn122-2-2-4-m/;0;
/produktsiya/retsiklery-stabilizatory-bomag/mrn600-emulsiya-voda-2-4-m/;https://www.korrus.ru/produktsiya/bomag/stabilizatory-retsiklery-grunta/bomag-rs600-emulsiya-voda-2-4-m-/;
/produktsiya/retsiklery-stabilizatory-bomag/mrn600-emulsiya-voda-2-4-m/;https://www.korrus.ru/produktsiya/bomag/stabilizatory-retsiklery-grunta/bomag-rs600-emulsiya-voda-2-4-m-/;
/produktsiya/samokhodnoe-drobilno-sortirovochnoe-oborudovanie-metso-minerals/gusenichnye-drobilki-i-grokhoty-lokotrack-ot-metso-dostupnee-i-luchshe-kak-nikogda-/;https://www.korrus.ru/produktsiya/metso/mobilnye-drobilno-sortirovochnye-kompleksy/;
/produktsiya/samokhodnoe-drobilno-sortirovochnoe-oborudovanie-metso-minerals/gusenichnye-drobilki-i-grokhoty-lokotrack-ot-metso-dostupnee-i-luchshe-kak-nikogda-/;https://www.korrus.ru/produktsiya/metso/mobilnye-drobilno-sortirovochnye-kompleksy/;
/produktsiya/samokhodnoe-drobilno-sortirovochnoe-oborudovanie-metso-minerals/gusenichnye-drobilki-i-grokhoty-lokotrack-ot-metso-dostupnee-i-luchshe-kak-nikogda-/;https://www.korrus.ru/produktsiya/metso/mobilnye-drobilno-sortirovochnye-kompleksy/;
/produktsiya/samokhodnoe-drobilno-sortirovochnoe-oborudovanie-metso-minerals/gusenichnye-drobilki-i-grokhoty-lokotrack-ot-metso-dostupnee-i-luchshe-kak-nikogda-/;https://www.korrus.ru/produktsiya/metso/mobilnye-drobilno-sortirovochnye-kompleksy/;
/produktsiya/samokhodnoe-drobilno-sortirovochnoe-oborudovanie-metso-minerals/konusnye-drobilki-serii-hp/;https://www.korrus.ru/produktsiya/metso/b-konusnye-drobilki/seriya-nordberg-hp/;
/produktsiya/samokhodnoe-drobilno-sortirovochnoe-oborudovanie-metso-minerals/konusnye-drobilki-serii-hp/;https://www.korrus.ru/produktsiya/metso/b-konusnye-drobilki/seriya-nordberg-hp/;
/produktsiya/samokhodnoe-drobilno-sortirovochnoe-oborudovanie-metso-minerals/konusnye-drobilki-serii-hp/;https://www.korrus.ru/produktsiya/metso/b-konusnye-drobilki/seriya-nordberg-hp/;
/produktsiya/samokhodnoe-drobilno-sortirovochnoe-oborudovanie-metso-minerals/konusnye-drobilki-serii-hp/;https://www.korrus.ru/produktsiya/metso/b-konusnye-drobilki/seriya-nordberg-hp/;
/produktsiya/samokhodnoe-drobilno-sortirovochnoe-oborudovanie-metso-minerals/konusnye-drobilki-serii-hp/;https://www.korrus.ru/produktsiya/metso/b-konusnye-drobilki/seriya-nordberg-hp/;
/produktsiya/samokhodnoe-drobilno-sortirovochnoe-oborudovanie-metso-minerals/mobilnye-ustanovki-lokotrack/;https://www.korrus.ru/produktsiya/metso/mobilnye-drobilno-sortirovochnye-kompleksy/;
/produktsiya/samokhodnoe-drobilno-sortirovochnoe-oborudovanie-metso-minerals/udarnye-drobilki-s-gorizontalnym-valom/;https://www.korrus.ru/produktsiya/metso/udarnye-drobilki/seriya-nordberg-np/;
/produktsiya/samokhodnye-betonosmesiteli-s-samozagruzkoy-davino/;https://www.korrus.ru/produktsiya/davino/betonosmesiteli-s-samozagruzkoy/;
/produktsiya/samokhodnye-drobilki-i-grokhoty-s-narabotkoy/;https://www.korrus.ru/produktsiya/metso/mobilnye-drobilno-sortirovochnye-kompleksy/;
/produktsiya/samokhodnye-drobilki-i-grokhoty-s-narabotkoy/;https://www.korrus.ru/produktsiya/metso/mobilnye-drobilno-sortirovochnye-kompleksy/;
/produktsiya/samokhodnye-drobilki-i-grokhoty-s-narabotkoy/;https://www.korrus.ru/produktsiya/metso/mobilnye-drobilno-sortirovochnye-kompleksy/;
/produktsiya/samokhodnye-drobilki-i-grokhoty-s-narabotkoy/;https://www.korrus.ru/produktsiya/metso/mobilnye-drobilno-sortirovochnye-kompleksy/;
/produktsiya/samokhodnye-drobilki-i-grokhoty-s-narabotkoy/;https://www.korrus.ru/produktsiya/metso/mobilnye-drobilno-sortirovochnye-kompleksy/;
/produktsiya/samokhodnye-drobilki-i-grokhoty-s-narabotkoy/;https://www.korrus.ru/produktsiya/metso/mobilnye-drobilno-sortirovochnye-kompleksy/;
/produktsiya/samokhodnye-drobilki-i-grokhoty-s-narabotkoy/;https://www.korrus.ru/produktsiya/metso/mobilnye-drobilno-sortirovochnye-kompleksy/;
/produktsiya/samokhodnye-drobilki-i-grokhoty-s-narabotkoy/;https://www.korrus.ru/produktsiya/metso/mobilnye-drobilno-sortirovochnye-kompleksy/;
/produktsiya/sistema-po-razogrevu-bituma-transportiruemogo-v-tverdom-vide/fotogalereyas/;https://www.korrus.ru/produktsiya/massenza/plavilnye-ustanovki/;
/produktsiya/sistema-po-razogrevu-bituma-transportiruemogo-v-tverdom-vide/sistema-po-razogrevu-bituma-transportiruemogo-v-tverdom-vide/;https://www.korrus.ru/produktsiya/massenza/plavilnye-ustanovki/;
/produktsiya/sistemy-avtomaticheskoy-nivelirovki-dlya-dorozhno-stroitelnoy-tekhniki-moba-germaniya/moba-matic/;https://www.korrus.ru/produktsiya/moba/sistemy-na-asfaltoukladchiki-i-dorozhnye-frezy/sistema-moba-matic-ii/;
/produktsiya/sistemy-avtomaticheskoy-nivelirovki-dlya-dorozhno-stroitelnoy-tekhniki-moba-germaniya/tsifrovaya-ultrazvukovaya-sistema-na-osnove-trekh-datchikov-bolshaya-lyzha-moba-matic-big-sonic-ski/;https://www.korrus.ru/produktsiya/moba/sistemy-na-asfaltoukladchiki-i-dorozhnye-frezy/sistema-big-sonic-ski-1/;
/produktsiya/sistemy-avtomaticheskoy-nivelirovki-dlya-zemleroynoy-stroitelnoy-tekhniki-moba-germaniya/sistema-nivelirovaniya-robotizirovannym-takheometrom/;https://www.korrus.ru/produktsiya/moba/sistemy-na-greydery-i-buldozery/3d/;
/produktsiya/sistemy-avtomaticheskoy-nivelirovki-moba-germaniya/analogovaya-sistema-moba-system-76-plus/;https://www.korrus.ru/produktsiya/moba/sistemy-na-asfaltoukladchiki-i-dorozhnye-frezy/system-76/;
/produktsiya/sistemy-avtomaticheskoy-nivelirovki-moba-germaniya/moba-matic/;https://www.korrus.ru/produktsiya/massenza/plavilnye-ustanovki/;
/produktsiya/sistemy-avtomaticheskoy-nivelirovki-moba-germaniya/oborudovanie-dlya-dorozhnogo-stroitelstva-ot-kompanii-moba/;https://www.korrus.ru/produktsiya/moba/sistemy-na-asfaltoukladchiki-i-dorozhnye-frezy/;
/produktsiya/sistemy-avtomaticheskoy-nivelirovki-moba-germaniya/oborudovanie-dlya-dorozhnogo-stroitelstva-ot-kompanii-moba/;https://www.korrus.ru/produktsiya/moba/sistemy-na-asfaltoukladchiki-i-dorozhnye-frezy/;
/produktsiya/sistemy-avtomaticheskoy-nivelirovki-moba-germaniya/oborudovanie-dlya-dorozhnogo-stroitelstva-ot-kompanii-moba/;https://www.korrus.ru/produktsiya/moba/sistemy-na-asfaltoukladchiki-i-dorozhnye-frezy/;
/produktsiya/sistemy-avtomaticheskoy-nivelirovki-moba-germaniya/sistemy-avtomaticheskoy-nivelirovki-2d-gs-506/;https://www.korrus.ru/produktsiya/moba/sistemy-na-greydery-i-buldozery/2d/;
/produktsiya/sistemy-avtomaticheskoy-nivelirovki-moba-germaniya/tsifrovaya-sistema-na-osnove-lazernogo-postroitelya-laser-moba-matic/;https://www.korrus.ru/produktsiya/moba/sistemy-na-greydery-i-buldozery/laser-matic-i-dual-matic/;
/produktsiya/sistemy-avtomaticheskoy-nivelirovki-moba-germaniya/tsifrovaya-sistema-na-osnove-lazernogo-postroitelya-laser-moba-matic/;https://www.korrus.ru/produktsiya/moba/sistemy-na-greydery-i-buldozery/laser-matic-i-dual-matic/;
/produktsiya/sistemy-avtomaticheskoy-nivelirovki-moba-germaniya/tsifrovaya-ultrazvukovaya-sistema-na-osnove-trekh-datchikov-bolshaya-lyzha-moba-matic-big-sonic-ski/;https://www.korrus.ru/produktsiya/moba/sistemy-na-asfaltoukladchiki-i-dorozhnye-frezy/sistema-big-sonic-ski-1/;
/produktsiya/sredstva-maloy-mekhanizatsii/narezchiki-shvov-distar-chekhiya/;https://www.korrus.ru/produktsiya/distar/narezchiki-shvov/;
/produktsiya/sredstva-maloy-mekhanizatsii/narezchiki-shvov-fastverdini-italiya/;0;
/produktsiya/sredstva-maloy-mekhanizatsii/pnevmaticheskie-glubinnye-vibratory-fastverdini-serii-ap/;0;
/produktsiya/star-asphalt/dobavka-dlya-rezinovoy-kroshki/;https://www.korrus.ru/produktsiya/star-asphalt/dobavki-dlya-rezinovoy-kroshki/dobavka-dlya-proizvodstva-rezino-bituma-crosslinker/;
/produktsiya/svetodiodnaya-optika-dlya-stroitelnoy-tekhniki-/;https://www.korrus.ru/produktsiya/svetovye-resheniya/;
/produktsiya/svetovye-machty-led/;https://www.korrus.ru/produktsiya/generac/mobilnye-osvetitelnye-machty/;
/produktsiya/svetovye-machty-led/;https://www.korrus.ru/produktsiya/generac/mobilnye-osvetitelnye-machty/;
/produktsiya/svetovye-machty-led/;https://www.korrus.ru/produktsiya/generac/mobilnye-osvetitelnye-machty/;
/produktsiya/svetovye-machty-led/;https://www.korrus.ru/produktsiya/generac/mobilnye-osvetitelnye-machty/;
/produktsiya/svetovye-machty-led/;https://www.korrus.ru/produktsiya/generac/mobilnye-osvetitelnye-machty/;
/produktsiya/svetovye-machty-led/;https://www.korrus.ru/produktsiya/generac/mobilnye-osvetitelnye-machty/;
/produktsiya/svetovye-machty-s-generatorom/;https://www.korrus.ru/produktsiya/generac/mobilnye-osvetitelnye-machty/;
/produktsiya/svetovye-machty-s-generatorom/;https://www.korrus.ru/produktsiya/generac/mobilnye-osvetitelnye-machty/;
/produktsiya/svetovye-machty-s-generatorom/;https://www.korrus.ru/produktsiya/generac/mobilnye-osvetitelnye-machty/;
/produktsiya/svetovye-machty-s-generatorom/;https://www.korrus.ru/produktsiya/generac/mobilnye-osvetitelnye-machty/;
/produktsiya/svetovye-machty-s-generatorom/;https://www.korrus.ru/produktsiya/generac/mobilnye-osvetitelnye-machty/;
/produktsiya/termobunkery-dlya-asfalta/;https://www.korrus.ru/produktsiya/strassmayr/termobunkery-dlya-asfalta/;
/produktsiya/termobunkery-dlya-asfalta/;https://www.korrus.ru/produktsiya/strassmayr/termobunkery-dlya-asfalta/;
/produktsiya/termobunkery-dlya-asfalta/;https://www.korrus.ru/produktsiya/strassmayr/termobunkery-dlya-asfalta/;
/produktsiya/termobunkery-dlya-asfalta/;https://www.korrus.ru/produktsiya/strassmayr/termobunkery-dlya-asfalta/;
/produktsiya/ukladchiki-obochin/;https://www.korrus.ru/produktsiya/strassmayr/ukladchiki-obochin/;
/produktsiya/ukladchiki-obochin/;https://www.korrus.ru/produktsiya/strassmayr/ukladchiki-obochin/;
/produktsiya/ukladchiki-obochin/;https://www.korrus.ru/produktsiya/strassmayr/ukladchiki-obochin/;
/produktsiya/ukladchiki-obochin/;https://www.korrus.ru/produktsiya/strassmayr/ukladchiki-obochin/;
/produktsiya/ukladchiki-obochin/;https://www.korrus.ru/produktsiya/strassmayr/ukladchiki-obochin/;
/produktsiya/ukladchiki-obochin/;https://www.korrus.ru/produktsiya/strassmayr/ukladchiki-obochin/;
/produktsiya/ukladchiki-obochin/;https://www.korrus.ru/produktsiya/strassmayr/ukladchiki-obochin/;
/produktsiya/ukladchiki-obochin/;https://www.korrus.ru/produktsiya/strassmayr/ukladchiki-obochin/;
/produktsiya/ukladchiki-obochin/;https://www.korrus.ru/produktsiya/strassmayr/ukladchiki-obochin/;
/produktsiya/ukladchiki-obochin/;https://www.korrus.ru/produktsiya/strassmayr/ukladchiki-obochin/;
/produktsiya/ukladchiki-obochin/;https://www.korrus.ru/produktsiya/strassmayr/ukladchiki-obochin/;
/produktsiya/ustanovki-dlya-podavleniya-pyli/ustanovka-dlya-podavleniya-pyli-df15000/;https://www.korrus.ru/produktsiya/generac/ustanovki-dlya-podavleniya-pyli-dust-fighter/df15000/;
/produktsiya/ustanovki-dlya-podavleniya-pyli/ustanovka-dlya-podavleniya-pyli-df7500/;https://www.korrus.ru/produktsiya/generac/ustanovki-dlya-podavleniya-pyli-dust-fighter/df7500/;
/produktsiya/ustanovki-dlya-proizvodstva-bitumnoy-emulsii/emulsionnaya-ustanovka-massenza-model-matic-3500x2-aa-ts/;https://www.korrus.ru/produktsiya/massenza/emulsionnye-ustanovki/matic-3500-aa-ts/;
/produktsiya/ustanovki-dlya-proizvodstva-polimer-bitumnogo-vyazhushchego-pbv/preimushchestva-ustanovok-massenza-dlya-proizvodstva-pbv/;https://www.korrus.ru/produktsiya/massenza/ustanovki-pbv/;
/produktsiya/ustanovki-dlya-proizvodstva-polimer-bitumnogo-vyazhushchego-pbv/spetsifikatsiya-monomix-s/;https://www.korrus.ru/produktsiya/massenza/ustanovki-pbv/monomix-s-6-10-t-ch/;
/produktsiya/ustanovki-dlya-proizvodstva-polimer-bitumnogo-vyazhushchego-pbv/spetsifikatsiya-super-challenger-s/;https://www.korrus.ru/produktsiya/massenza/ustanovki-pbv/super-challenger-s-25-30-t-ch/;
/produktsiya/vibratsionnye-plity/;https://www.korrus.ru/produktsiya/bomag/nereversivnye-vibroplity/;
